Student_ID,Attendance_Percent,Study_Hours_Per_Day,Activities_Participation,Previous_Sem_Marks,Backlogs,Assignment_Completion_Percent,Participation_Score,Final_Marks,Pass_Fail
STU0001,84.0,3.7,1,80.1,2,91.7,2.5,61.9,Pass
STU0002,76.3,2.8,0,80.0,2,57.4,2.7,50.3,Pass
STU0003,85.8,3.7,2,72.9,4,73.4,6.0,57.4,Pass
STU0004,96.3,4.4,3,98.0,1,86.1,7.2,83.0,Pass
STU0005,75.2,3.6,0,72.5,0,72.0,2.8,59.8,Pass
STU0006,75.2,3.6,3,68.9,0,70.4,2.7,73.9,Pass
STU0007,97.0,2.3,2,93.5,0,79.8,3.0,71.6,Pass
STU0008,87.2,2.4,3,77.4,0,81.9,7.5,75.7,Pass
STU0009,72.4,1.1,2,64.3,2,66.6,2.8,39.8,Fail
STU0010,84.5,6.5,2,91.3,0,98.5,5.1,88.3,Pass
STU0011,72.4,1.4,3,56.3,3,43.2,6.6,35.3,Fail
STU0012,72.4,2.3,2,66.9,2,55.7,3.4,61.1,Pass
STU0013,80.9,2.3,3,83.8,1,65.3,4.5,73.1,Pass
STU0014,55.0,5.0,2,70.7,0,63.0,6.0,73.3,Pass
STU0015,57.3,3.0,0,58.3,2,73.9,5.8,60.0,Pass
STU0016,71.3,5.6,1,92.7,2,76.7,3.5,75.7,Pass
STU0017,65.8,2.4,3,62.8,1,68.9,6.8,57.4,Pass
STU0018,81.8,4.0,2,82.7,0,66.0,4.2,75.4,Pass
STU0019,67.1,2.1,3,71.2,2,68.0,3.3,61.0,Pass
STU0020,61.1,7.1,1,83.6,0,92.2,5.2,78.5,Pass
STU0021,95.6,1.5,2,73.2,1,88.1,2.2,52.9,Pass
STU0022,75.3,4.0,0,77.1,3,68.3,4.2,56.7,Pass
STU0023,78.8,4.6,1,75.3,0,79.7,8.9,72.9,Pass
STU0024,60.9,4.2,1,75.4,3,69.2,5.8,41.8,Pass
STU0025,71.5,3.2,0,61.2,1,70.1,3.1,45.2,Pass
STU0026,79.3,3.3,4,72.8,0,73.1,7.1,72.9,Pass
STU0027,64.2,3.6,6,65.6,2,67.1,5.3,65.1,Pass
STU0028,82.5,3.3,4,75.3,1,74.7,4.4,70.3,Pass
STU0029,70.8,5.1,3,76.1,1,64.2,5.3,84.7,Pass
STU0030,74.5,7.3,1,88.2,0,100.0,5.0,87.8,Pass
STU0031,70.8,2.6,4,75.5,1,95.4,3.4,68.0,Pass
STU0032,100.0,1.2,2,57.0,0,76.2,3.4,48.7,Pass
STU0033,77.8,3.3,3,59.9,2,64.9,4.8,57.4,Pass
STU0034,65.3,7.9,2,87.2,2,90.8,7.9,87.2,Pass
STU0035,87.9,2.1,0,70.3,0,79.4,1.1,49.5,Pass
STU0036,63.3,6.3,2,85.9,0,92.7,3.1,76.3,Pass
STU0037,80.5,6.4,2,85.0,0,95.9,5.5,90.8,Pass
STU0038,54.5,2.6,3,70.9,0,65.4,6.5,59.4,Pass
STU0039,62.1,4.5,1,65.6,0,54.8,5.0,62.6,Pass
STU0040,80.4,6.3,0,89.9,0,100.0,4.5,87.4,Pass
STU0041,86.9,2.9,1,69.5,1,80.1,3.3,72.7,Pass
STU0042,80.1,3.2,3,68.6,3,66.1,6.0,55.8,Pass
STU0043,76.6,2.5,1,61.3,0,55.4,4.9,67.7,Pass
STU0044,74.4,1.8,1,67.1,2,64.6,3.1,35.1,Fail
STU0045,60.3,2.4,2,63.8,2,74.0,2.8,49.4,Pass
STU0046,69.4,1.4,5,73.7,3,55.8,4.2,49.1,Pass
STU0047,72.5,3.6,4,79.7,2,66.2,6.9,64.4,Pass
STU0048,90.7,2.2,2,59.6,2,77.1,1.8,56.0,Pass
STU0049,82.1,3.9,2,95.2,1,100.0,7.1,78.1,Pass
STU0050,56.8,0.9,5,60.6,1,51.6,4.8,38.3,Fail
STU0051,81.9,4.1,1,81.1,0,88.9,4.5,64.4,Pass
STU0052,73.4,4.9,2,77.2,2,97.0,5.9,75.2,Pass
STU0053,69.9,0.5,1,61.2,0,56.7,2.1,35.4,Fail
STU0054,85.3,4.1,3,74.4,0,78.1,4.5,80.5,Pass
STU0055,90.4,5.6,0,91.6,0,81.4,4.1,82.1,Pass
STU0056,89.2,1.4,0,46.8,3,59.9,1.6,33.2,Fail
STU0057,67.9,6.3,2,91.2,0,80.7,3.6,83.2,Pass
STU0058,74.3,4.2,1,65.9,2,86.9,2.6,61.6,Pass
STU0059,82.0,2.3,1,69.5,1,79.2,5.4,52.0,Pass
STU0060,89.7,3.4,2,89.7,0,84.9,5.0,77.9,Pass
STU0061,72.2,4.4,1,81.6,0,68.2,3.0,62.9,Pass
STU0062,75.8,3.6,2,84.0,1,94.9,5.8,72.9,Pass
STU0063,64.7,4.4,2,82.8,0,72.3,3.6,75.7,Pass
STU0064,63.6,1.9,3,57.8,1,64.6,1.7,50.7,Pass
STU0065,87.8,3.8,3,87.1,2,85.3,6.1,76.8,Pass
STU0066,94.3,1.1,1,52.0,3,71.6,5.8,38.7,Fail
STU0067,77.1,3.3,1,65.3,4,81.3,4.7,48.1,Pass
STU0068,90.0,2.0,1,80.0,1,66.3,0.7,55.2,Pass
STU0069,82.3,2.2,2,66.3,1,84.1,4.1,57.7,Pass
STU0070,70.3,5.6,2,67.8,2,72.1,4.6,61.2,Pass
STU0071,82.3,5.4,1,98.0,0,82.4,5.0,81.2,Pass
STU0072,96.5,4.5,1,90.2,0,100.0,2.9,74.6,Pass
STU0073,77.6,1.6,3,72.3,1,70.1,4.1,48.3,Pass
STU0074,96.8,3.0,1,69.3,3,100.0,1.7,51.5,Pass
STU0075,46.6,5.6,5,81.4,2,75.2,7.0,78.0,Pass
STU0076,87.9,3.7,2,81.9,2,100.0,2.5,69.1,Pass
STU0077,79.0,7.4,3,92.2,2,87.0,6.7,80.7,Pass
STU0078,74.4,4.2,0,70.8,2,66.0,2.4,52.5,Pass
STU0079,79.1,3.8,3,66.9,0,89.2,0.4,73.0,Pass
STU0080,54.1,3.0,0,54.3,3,43.2,4.4,33.5,Fail
STU0081,75.4,3.7,4,86.7,2,75.6,6.4,63.1,Pass
STU0082,82.3,3.2,1,66.6,2,89.6,5.9,73.2,Pass
STU0083,95.7,4.7,2,98.0,0,100.0,1.6,84.2,Pass
STU0084,71.8,5.1,3,71.5,2,85.5,4.4,62.2,Pass
STU0085,68.3,2.2,1,58.7,2,58.2,3.8,45.5,Pass
STU0086,72.0,1.2,0,49.8,1,60.3,3.7,40.3,Pass
STU0087,89.0,0.5,2,61.1,1,68.2,1.5,38.8,Fail
STU0088,81.9,4.4,2,91.8,1,79.0,5.3,76.6,Pass
STU0089,71.6,1.6,2,53.5,1,64.5,3.1,53.8,Pass
STU0090,84.2,0.5,0,52.5,1,70.6,0.0,37.6,Fail
STU0091,79.2,4.2,3,86.0,1,80.4,4.1,61.8,Pass
STU0092,89.6,7.7,5,98.0,0,100.0,8.0,100.0,Pass
STU0093,69.6,3.5,1,70.0,2,77.5,1.2,57.1,Pass
STU0094,74.1,4.9,2,72.9,0,90.7,5.8,73.4,Pass
STU0095,73.3,3.6,2,72.6,2,84.6,4.9,58.5,Pass
STU0096,60.4,3.3,6,84.0,0,56.4,6.3,89.7,Pass
STU0097,81.6,5.1,1,69.4,0,85.0,1.9,67.5,Pass
STU0098,81.1,3.0,2,67.4,1,70.7,2.0,52.5,Pass
STU0099,78.1,4.0,1,60.2,3,71.6,3.4,51.5,Pass
STU0100,75.2,4.0,1,78.3,1,61.7,2.4,65.9,Pass
STU0101,61.0,2.4,2,70.8,4,27.6,3.7,41.1,Pass
STU0102,73.0,5.2,0,75.7,0,98.4,5.2,59.7,Pass
STU0103,73.9,3.2,4,67.4,0,57.5,5.1,64.1,Pass
STU0104,68.4,2.2,2,55.5,3,78.8,3.7,51.3,Pass
STU0105,76.1,4.4,3,78.4,3,90.1,4.8,68.1,Pass
STU0106,82.8,2.0,1,63.4,1,65.3,5.1,46.7,Pass
STU0107,100.0,3.5,1,89.0,1,96.0,5.9,83.4,Pass
STU0108,80.1,3.5,3,72.1,2,82.7,5.7,71.0,Pass
STU0109,81.1,5.3,2,89.3,0,81.0,5.1,81.4,Pass
STU0110,77.1,4.3,2,76.0,1,82.4,5.0,75.5,Pass
STU0111,55.0,3.5,0,54.1,2,54.6,5.5,56.6,Pass
STU0112,77.7,4.9,1,77.1,0,93.5,5.0,69.8,Pass
STU0113,78.7,5.9,2,90.4,0,87.2,7.3,91.1,Pass
STU0114,100.0,4.4,0,91.8,0,95.2,3.0,91.3,Pass
STU0115,75.7,3.5,4,75.9,1,74.9,3.6,72.9,Pass
STU0116,81.6,1.3,5,60.6,0,65.0,4.6,58.0,Pass
STU0117,77.6,1.7,0,67.9,2,81.1,2.1,47.7,Pass
STU0118,64.0,3.0,0,54.1,2,63.6,5.7,53.9,Pass
STU0119,91.7,2.5,6,85.4,0,89.9,7.5,78.5,Pass
STU0120,87.0,3.2,0,71.9,3,84.9,2.3,51.8,Pass
STU0121,87.5,3.6,1,75.5,1,97.5,5.2,67.6,Pass
STU0122,67.1,4.4,0,66.5,1,74.3,3.4,55.2,Pass
STU0123,94.8,3.4,3,88.0,1,92.8,7.4,80.8,Pass
STU0124,61.2,4.3,2,43.2,5,73.3,4.2,38.9,Fail
STU0125,85.0,3.6,3,89.3,1,52.1,2.7,73.4,Pass
STU0126,100.0,0.5,5,66.4,2,57.6,5.1,63.3,Pass
STU0127,66.1,1.9,5,70.5,0,65.5,5.2,57.9,Pass
STU0128,71.2,3.3,2,73.0,1,77.1,2.4,61.4,Pass
STU0129,79.2,1.4,3,76.0,0,50.7,5.4,61.6,Pass
STU0130,72.0,4.5,6,87.9,1,83.4,9.1,87.4,Pass
STU0131,59.4,6.1,3,76.5,2,90.4,4.0,72.2,Pass
STU0132,78.8,5.6,2,73.3,3,92.0,6.5,63.4,Pass
STU0133,65.3,3.1,3,66.5,0,75.1,4.0,73.5,Pass
STU0134,83.7,6.0,1,72.9,0,100.0,4.5,92.3,Pass
STU0135,67.0,3.8,1,63.9,3,72.7,3.8,53.2,Pass
STU0136,96.6,2.9,4,81.1,0,78.5,5.4,82.0,Pass
STU0137,68.6,2.5,0,54.8,3,75.4,3.8,41.3,Pass
STU0138,74.1,3.0,6,79.1,2,76.3,5.0,75.2,Pass
STU0139,87.8,2.8,2,73.0,1,64.3,6.2,49.9,Pass
STU0140,63.2,3.8,3,69.4,0,73.5,5.9,69.3,Pass
STU0141,80.7,3.8,2,57.7,2,69.3,5.8,55.0,Pass
STU0142,93.7,3.5,0,66.3,3,76.4,2.2,52.7,Pass
STU0143,58.7,4.2,1,73.3,3,65.5,2.4,57.5,Pass
STU0144,80.2,5.5,4,97.3,0,93.2,7.9,94.5,Pass
STU0145,81.1,5.1,3,72.1,0,94.2,3.7,77.4,Pass
STU0146,87.4,1.0,3,60.1,4,60.8,4.6,33.1,Fail
STU0147,63.2,0.5,5,66.9,2,44.6,6.9,48.6,Pass
STU0148,62.2,5.1,1,68.5,0,74.8,4.1,72.3,Pass
STU0149,84.3,1.2,4,67.8,2,75.1,6.7,52.7,Pass
STU0150,81.6,3.1,1,83.1,1,48.2,3.4,48.8,Pass
STU0151,81.0,1.5,1,59.6,1,62.0,1.5,60.8,Pass
STU0152,82.2,0.5,1,53.4,2,74.1,3.7,42.9,Pass
STU0153,69.8,4.4,0,70.4,3,84.5,3.9,53.1,Pass
STU0154,80.8,4.8,1,95.3,0,100.0,8.3,93.9,Pass
STU0155,81.5,2.5,4,78.5,2,52.1,3.9,61.3,Pass
STU0156,69.4,0.5,2,54.5,0,39.3,3.3,52.3,Pass
STU0157,100.0,2.6,1,72.1,4,88.1,2.6,58.5,Pass
STU0158,83.7,4.2,1,82.6,1,100.0,3.9,64.2,Pass
STU0159,63.7,1.0,1,57.7,3,40.5,3.0,34.5,Fail
STU0160,85.9,3.8,2,70.8,2,80.0,3.2,73.0,Pass
STU0161,66.3,3.5,2,74.8,0,74.8,5.2,61.6,Pass
STU0162,87.4,4.5,0,78.2,1,75.0,3.3,60.9,Pass
STU0163,91.9,3.7,2,81.6,0,91.7,6.5,74.1,Pass
STU0164,68.2,1.8,1,51.9,3,33.6,2.5,38.4,Fail
STU0165,89.6,5.5,2,87.3,1,100.0,7.8,87.3,Pass
STU0166,83.0,3.2,2,66.8,1,68.3,4.8,50.9,Pass
STU0167,87.9,3.5,0,65.3,2,78.0,5.3,59.1,Pass
STU0168,100.0,1.9,2,77.9,1,84.9,4.3,63.9,Pass
STU0169,75.1,2.7,0,61.8,2,75.0,2.0,46.7,Pass
STU0170,69.0,2.0,3,54.1,3,61.8,4.3,38.8,Fail
STU0171,67.3,3.2,4,90.1,0,79.2,3.4,76.8,Pass
STU0172,68.2,6.4,4,81.7,0,75.4,6.1,93.5,Pass
STU0173,77.1,1.2,3,72.1,0,62.6,4.7,56.2,Pass
STU0174,82.1,0.8,3,51.4,2,52.5,4.4,33.7,Fail
STU0175,81.3,6.0,2,93.2,1,100.0,7.1,85.2,Pass
STU0176,87.9,3.1,0,70.2,0,87.2,3.1,69.0,Pass
STU0177,78.2,2.4,2,63.2,3,76.8,1.3,44.3,Pass
STU0178,95.4,5.3,3,95.2,0,100.0,10.0,87.3,Pass
STU0179,74.8,2.5,1,65.7,0,79.7,2.6,63.3,Pass
STU0180,100.0,6.6,2,94.2,2,100.0,6.7,97.6,Pass
STU0181,85.5,4.7,1,74.8,0,89.6,2.0,73.0,Pass
STU0182,67.7,2.7,1,50.7,3,71.9,4.1,32.3,Fail
STU0183,65.1,7.2,2,91.6,1,97.4,4.2,83.1,Pass
STU0184,83.8,2.5,3,63.3,2,80.4,0.5,55.3,Pass
STU0185,75.3,4.8,2,80.3,0,62.5,4.4,69.2,Pass
STU0186,86.6,4.0,0,81.1,1,100.0,3.4,72.3,Pass
STU0187,83.7,5.7,3,92.8,1,96.6,5.2,80.9,Pass
STU0188,77.1,6.2,2,82.9,0,79.3,5.5,83.9,Pass
STU0189,67.8,3.6,2,77.7,2,63.1,4.1,57.4,Pass
STU0190,59.8,2.2,0,52.1,3,37.1,3.2,35.5,Fail
STU0191,72.6,4.3,4,70.2,2,69.0,6.0,67.1,Pass
STU0192,88.3,2.3,2,70.1,1,73.6,4.1,59.9,Pass
STU0193,80.6,6.9,2,98.0,1,100.0,5.1,85.4,Pass
STU0194,63.1,3.7,1,61.8,2,74.9,2.6,51.9,Pass
STU0195,80.1,2.9,2,78.9,0,76.5,5.2,67.9,Pass
STU0196,82.6,3.8,2,71.9,1,70.8,4.1,60.7,Pass
STU0197,67.4,1.2,2,52.3,3,47.3,3.4,36.1,Fail
STU0198,79.8,1.8,4,62.1,2,59.4,5.9,57.4,Pass
STU0199,78.7,5.5,0,87.0,2,85.0,4.2,68.0,Pass
STU0200,64.3,2.4,1,59.9,1,58.5,2.6,53.5,Pass
STU0201,82.3,1.7,4,63.0,1,64.5,7.0,62.7,Pass
STU0202,84.7,4.4,0,74.7,4,84.1,1.8,45.0,Pass
STU0203,91.0,5.5,0,62.0,0,91.9,2.3,80.0,Pass
STU0204,90.6,4.7,3,94.9,0,94.3,6.3,93.7,Pass
STU0205,61.5,5.2,0,71.0,2,77.0,6.4,67.4,Pass
STU0206,66.7,2.2,1,41.2,4,46.2,2.7,31.2,Fail
STU0207,84.2,1.1,0,47.7,3,64.2,3.4,20.2,Fail
STU0208,84.2,6.1,1,85.5,3,97.5,2.8,77.6,Pass
STU0209,84.2,3.0,2,63.5,1,61.2,2.9,58.4,Pass
STU0210,100.0,3.1,2,87.7,0,80.6,6.1,80.2,Pass
STU0211,84.9,5.8,1,90.9,0,100.0,5.0,89.2,Pass
STU0212,91.6,4.4,2,88.2,0,80.1,6.5,94.0,Pass
STU0213,89.4,4.3,3,64.8,1,76.7,6.8,69.1,Pass
STU0214,85.8,7.2,0,89.3,0,100.0,1.2,82.6,Pass
STU0215,74.2,2.4,3,63.4,2,73.9,3.0,48.5,Pass
STU0216,87.1,5.1,1,77.1,1,100.0,4.7,68.9,Pass
STU0217,68.7,3.6,4,72.1,0,79.6,3.1,64.6,Pass
STU0218,75.2,4.0,5,73.3,2,89.9,4.7,59.7,Pass
STU0219,72.2,6.1,1,85.8,0,95.9,6.7,86.9,Pass
STU0220,79.0,4.4,1,83.5,0,77.1,3.3,84.7,Pass
STU0221,100.0,4.4,4,98.0,0,100.0,6.9,100.0,Pass
STU0222,55.6,5.3,1,71.7,0,77.0,4.3,64.2,Pass
STU0223,86.2,2.9,1,88.3,1,81.4,2.7,64.0,Pass
STU0224,58.6,2.1,3,69.8,0,47.3,2.2,62.6,Pass
STU0225,72.3,1.7,2,61.5,1,66.5,4.4,54.7,Pass
STU0226,91.1,0.5,0,55.1,4,62.4,4.8,33.4,Fail
STU0227,78.8,7.0,1,98.0,0,100.0,3.8,89.2,Pass
STU0228,65.1,1.6,2,66.7,1,56.3,4.1,57.5,Pass
STU0229,69.4,3.1,1,55.3,3,67.3,1.6,36.2,Fail
STU0230,86.2,3.0,4,88.3,0,83.4,4.4,81.6,Pass
STU0231,69.2,4.0,3,74.6,2,72.2,5.7,66.7,Pass
STU0232,80.6,4.9,0,71.8,3,72.6,4.8,58.6,Pass
STU0233,78.5,5.0,2,66.9,2,69.2,5.7,70.2,Pass
STU0234,70.2,2.5,4,67.9,0,68.0,2.3,63.7,Pass
STU0235,100.0,3.2,2,82.0,0,83.0,3.7,72.0,Pass
STU0236,85.6,4.0,1,90.7,3,67.7,2.6,61.5,Pass
STU0237,53.7,3.1,2,69.5,1,62.1,3.9,45.7,Pass
STU0238,80.2,6.2,2,85.7,4,96.8,5.0,74.9,Pass
STU0239,70.1,4.3,2,78.8,3,73.9,6.3,67.1,Pass
STU0240,88.2,4.7,1,90.0,1,94.2,4.7,73.4,Pass
STU0241,68.5,4.6,0,72.9,2,93.2,5.8,57.1,Pass
STU0242,76.6,5.5,3,82.3,0,100.0,4.5,80.9,Pass
STU0243,84.1,3.8,6,83.2,1,84.3,4.6,80.1,Pass
STU0244,88.4,1.3,1,67.5,1,66.8,5.6,55.6,Pass
STU0245,63.6,4.2,2,75.4,1,75.8,5.3,76.0,Pass
STU0246,74.0,2.4,2,64.3,0,70.5,3.1,68.2,Pass
STU0247,72.3,2.6,2,46.1,1,65.3,4.9,56.3,Pass
STU0248,70.2,4.5,2,66.3,3,81.8,6.0,60.2,Pass
STU0249,99.2,5.6,2,98.0,0,88.1,5.2,85.7,Pass
STU0250,82.9,3.5,1,57.4,3,81.1,2.8,60.5,Pass
STU0251,62.9,4.0,4,84.8,0,77.5,5.0,75.3,Pass
STU0252,89.0,6.4,3,98.0,1,98.8,6.2,94.5,Pass
STU0253,100.0,3.9,0,81.8,1,91.4,3.8,74.3,Pass
STU0254,90.4,7.9,2,98.0,1,100.0,7.4,98.6,Pass
STU0255,59.8,4.5,2,76.3,1,61.6,4.3,71.2,Pass
STU0256,72.2,0.5,3,56.8,0,55.4,2.8,52.0,Pass
STU0257,93.2,4.8,1,74.6,1,87.4,8.1,82.1,Pass
STU0258,69.5,4.1,2,82.1,1,59.5,4.9,69.8,Pass
STU0259,83.3,5.7,0,95.6,0,84.6,5.2,82.7,Pass
STU0260,87.3,4.6,3,77.1,2,80.9,6.1,73.4,Pass
STU0261,66.9,3.3,3,59.4,1,77.4,5.2,60.5,Pass
STU0262,77.3,1.4,2,61.6,0,64.2,3.6,47.3,Pass
STU0263,40.0,3.1,0,47.1,1,45.3,0.0,30.1,Fail
STU0264,65.7,2.1,3,64.7,1,54.6,3.1,57.1,Pass
STU0265,75.0,2.5,2,77.4,0,81.9,4.7,59.2,Pass
STU0266,63.0,4.5,4,60.1,4,85.5,1.7,50.8,Pass
STU0267,97.6,6.3,1,98.0,1,96.9,4.7,82.1,Pass
STU0268,60.8,4.2,3,69.8,2,84.3,6.2,61.3,Pass
STU0269,72.7,1.5,2,65.1,2,59.5,5.2,47.2,Pass
STU0270,79.6,4.3,4,88.6,1,91.5,6.7,78.9,Pass
STU0271,95.3,5.5,0,94.3,1,99.5,5.3,73.7,Pass
STU0272,60.8,2.5,2,62.0,2,72.5,6.6,50.5,Pass
STU0273,92.0,3.3,1,79.2,1,71.9,5.5,61.3,Pass
STU0274,78.1,3.5,1,74.7,0,75.1,4.2,63.3,Pass
STU0275,66.2,2.2,1,54.9,2,73.7,3.4,48.9,Pass
STU0276,83.5,4.6,0,64.3,1,64.2,3.8,67.3,Pass
STU0277,80.4,3.3,1,62.3,1,76.8,3.5,50.6,Pass
STU0278,70.8,4.2,2,74.5,1,74.5,6.3,77.8,Pass
STU0279,78.8,2.0,3,62.4,2,74.1,5.5,51.8,Pass
STU0280,73.4,2.8,5,68.7,2,80.4,5.4,60.2,Pass
STU0281,79.4,4.7,3,98.0,0,94.0,7.3,83.3,Pass
STU0282,85.9,2.9,2,81.1,2,79.7,3.9,62.8,Pass
STU0283,97.0,6.4,4,98.0,1,100.0,4.9,100.0,Pass
STU0284,63.1,2.8,3,72.0,1,61.0,4.8,50.6,Pass
STU0285,100.0,3.9,2,82.4,1,94.3,3.3,62.6,Pass
STU0286,54.6,5.1,1,72.0,0,90.2,5.7,72.6,Pass
STU0287,76.2,1.1,1,61.7,1,51.2,2.1,47.7,Pass
STU0288,85.1,0.5,4,62.0,1,56.3,4.7,53.7,Pass
STU0289,81.4,0.9,5,62.7,3,60.3,6.9,54.7,Pass
STU0290,70.5,5.6,1,90.7,1,98.3,3.4,70.2,Pass
STU0291,75.5,2.6,3,75.3,0,71.7,5.4,62.3,Pass
STU0292,72.1,7.8,2,77.8,2,100.0,4.1,82.0,Pass
STU0293,70.9,2.5,1,58.6,3,77.1,4.1,55.6,Pass
STU0294,88.2,3.8,2,74.2,1,91.1,5.4,74.7,Pass
STU0295,82.3,6.1,1,83.5,1,87.5,4.5,82.4,Pass
STU0296,69.7,6.9,2,96.6,0,100.0,5.4,85.3,Pass
STU0297,88.8,7.0,1,96.2,0,100.0,5.5,96.3,Pass
STU0298,81.7,5.6,0,71.7,0,94.4,3.5,67.4,Pass
STU0299,87.8,5.2,2,85.0,1,81.1,6.2,90.4,Pass
STU0300,85.6,4.5,1,85.3,2,73.0,6.2,63.2,Pass
STU0301,68.1,4.8,2,75.8,0,83.7,3.4,68.4,Pass
STU0302,71.3,2.6,3,63.5,1,60.1,7.4,51.2,Pass
STU0303,87.0,2.1,0,68.8,1,55.4,2.6,51.9,Pass
STU0304,85.3,3.5,0,86.0,0,65.6,6.4,70.7,Pass
STU0305,77.7,3.2,2,76.4,0,70.5,4.0,76.8,Pass
STU0306,79.4,2.7,1,79.0,0,74.7,4.8,70.6,Pass
STU0307,93.3,4.7,2,82.7,2,100.0,5.8,71.1,Pass
STU0308,70.9,5.1,3,82.5,2,89.7,4.9,78.4,Pass
STU0309,84.6,3.7,2,77.8,1,78.2,4.6,61.3,Pass
STU0310,75.6,6.0,3,90.4,2,97.4,7.8,79.3,Pass
STU0311,75.4,1.6,3,68.4,2,65.3,4.1,52.6,Pass
STU0312,91.2,3.2,3,73.0,2,89.7,4.3,59.3,Pass
STU0313,87.9,2.3,2,77.0,0,73.9,2.4,71.7,Pass
STU0314,87.8,0.5,0,44.6,2,72.1,5.0,51.7,Pass
STU0315,93.7,3.4,2,69.5,1,93.3,3.7,66.2,Pass
STU0316,78.3,3.3,2,90.5,0,76.9,6.2,71.3,Pass
STU0317,86.2,6.1,2,87.9,1,98.7,4.2,83.2,Pass
STU0318,74.3,4.6,3,86.8,1,92.1,7.0,75.8,Pass
STU0319,81.9,1.8,1,77.9,3,60.2,4.7,50.0,Pass
STU0320,76.4,6.7,2,72.6,2,83.5,4.9,66.6,Pass
STU0321,79.2,5.6,0,90.9,0,77.4,2.8,79.1,Pass
STU0322,85.1,4.5,0,83.6,1,80.3,2.6,79.6,Pass
STU0323,68.2,3.1,2,81.3,2,75.9,3.4,47.0,Pass
STU0324,100.0,1.9,3,67.4,2,73.9,6.2,53.7,Pass
STU0325,65.9,2.9,1,75.3,3,68.4,4.0,46.6,Pass
STU0326,63.4,5.4,1,70.4,1,77.4,2.7,68.4,Pass
STU0327,91.9,6.7,4,98.0,0,100.0,6.0,100.0,Pass
STU0328,87.5,6.1,1,90.3,0,90.7,4.4,91.0,Pass
STU0329,85.5,2.7,2,79.2,0,74.8,1.1,55.7,Pass
STU0330,85.5,1.6,0,63.1,0,66.5,2.6,48.7,Pass
STU0331,77.9,3.7,4,65.4,2,83.1,6.7,61.6,Pass
STU0332,67.2,0.5,3,35.0,3,53.4,4.1,30.2,Fail
STU0333,78.9,4.0,2,79.5,2,79.8,5.0,66.4,Pass
STU0334,69.9,3.2,2,67.5,0,56.1,5.1,54.8,Pass
STU0335,89.7,2.7,3,80.4,0,89.0,4.3,71.4,Pass
STU0336,76.2,0.8,3,58.9,3,56.6,5.4,45.9,Pass
STU0337,68.1,4.4,1,89.0,1,78.9,6.3,67.4,Pass
STU0338,74.1,2.6,3,71.9,1,84.9,2.5,60.6,Pass
STU0339,83.0,1.5,3,64.2,3,75.3,4.0,59.3,Pass
STU0340,71.2,0.5,0,53.4,1,57.1,6.1,52.6,Pass
STU0341,68.1,3.5,4,71.0,0,71.6,5.8,58.4,Pass
STU0342,80.9,6.5,4,97.4,0,100.0,6.3,98.6,Pass
STU0343,80.9,6.3,2,81.4,0,100.0,4.8,100.0,Pass
STU0344,71.9,2.7,2,67.5,2,72.7,6.2,59.1,Pass
STU0345,72.3,2.5,2,62.6,1,84.2,2.8,56.3,Pass
STU0346,80.8,4.3,0,66.6,1,100.0,5.0,73.7,Pass
STU0347,60.6,1.8,2,73.6,0,58.9,3.6,57.5,Pass
STU0348,61.1,4.0,2,61.5,2,50.2,3.5,56.5,Pass
STU0349,69.4,4.8,3,80.2,0,72.3,5.0,75.7,Pass
STU0350,75.4,5.6,0,74.0,1,100.0,3.8,72.3,Pass
STU0351,81.7,3.3,1,75.2,2,85.4,3.1,62.1,Pass
STU0352,95.7,3.2,3,71.9,1,89.0,6.6,77.8,Pass
STU0353,88.3,2.0,3,79.4,0,70.9,3.5,65.2,Pass
STU0354,76.1,2.1,4,86.6,1,54.6,5.4,63.1,Pass
STU0355,77.8,3.1,0,61.1,2,91.4,4.1,41.4,Pass
STU0356,66.0,4.1,3,84.7,2,66.9,5.4,64.3,Pass
STU0357,77.8,5.1,1,77.6,1,95.4,5.5,79.3,Pass
STU0358,74.5,2.1,2,77.5,2,52.9,3.5,55.4,Pass
STU0359,81.9,6.0,5,98.0,1,95.1,7.7,89.3,Pass
STU0360,68.1,3.0,0,61.4,0,78.6,4.2,46.0,Pass
STU0361,84.2,3.5,1,62.5,1,78.1,5.4,61.0,Pass
STU0362,96.4,2.2,3,84.9,1,74.9,1.9,72.5,Pass
STU0363,76.7,0.5,3,61.4,3,55.8,5.0,38.7,Fail
STU0364,82.8,5.0,1,86.5,3,77.2,5.7,58.4,Pass
STU0365,86.3,4.8,0,77.7,0,75.5,3.1,67.8,Pass
STU0366,73.2,3.0,3,64.9,2,78.5,4.1,59.8,Pass
STU0367,80.7,3.6,3,87.6,1,75.5,4.0,79.6,Pass
STU0368,78.2,4.4,0,77.5,1,90.7,2.0,63.6,Pass
STU0369,79.2,0.8,2,48.7,4,70.6,4.8,41.4,Pass
STU0370,68.7,2.6,0,66.7,0,78.0,6.6,65.1,Pass
STU0371,78.3,4.9,4,90.2,1,70.8,5.1,72.9,Pass
STU0372,84.0,1.4,0,58.2,3,58.8,2.1,44.2,Pass
STU0373,95.4,4.0,2,97.4,1,95.8,4.6,82.1,Pass
STU0374,89.5,1.2,1,59.4,2,73.1,0.9,37.1,Fail
STU0375,100.0,4.3,0,82.3,2,100.0,2.5,78.7,Pass
STU0376,68.8,3.4,1,74.2,1,62.8,3.8,58.2,Pass
STU0377,88.5,0.8,2,64.3,1,75.6,2.4,40.0,Pass
STU0378,80.2,5.5,5,81.7,0,96.2,8.4,88.4,Pass
STU0379,100.0,2.3,1,76.1,0,64.4,1.7,57.5,Pass
STU0380,68.3,2.1,3,61.6,1,56.9,6.0,51.4,Pass
STU0381,67.9,3.8,1,76.7,1,76.9,6.2,62.3,Pass
STU0382,70.8,5.5,5,89.9,0,70.1,7.2,87.3,Pass
STU0383,52.5,1.8,2,55.0,2,30.6,3.8,35.8,Fail
STU0384,71.7,3.6,0,59.6,3,57.1,3.8,44.3,Pass
STU0385,68.9,4.2,1,70.6,1,80.1,3.4,66.3,Pass
STU0386,79.8,4.7,2,89.4,3,81.8,1.7,60.8,Pass
STU0387,82.1,3.8,0,67.2,2,75.6,2.0,61.7,Pass
STU0388,100.0,2.9,1,77.8,1,79.3,3.8,58.6,Pass
STU0389,89.4,2.1,3,66.2,1,59.6,3.3,62.5,Pass
STU0390,71.1,3.6,0,58.4,1,70.1,2.8,63.1,Pass
STU0391,67.2,1.7,0,54.8,2,40.5,3.6,35.7,Fail
STU0392,83.9,0.5,2,61.8,0,71.5,3.9,55.0,Pass
STU0393,62.2,4.2,2,87.8,2,90.8,6.2,62.8,Pass
STU0394,100.0,5.0,2,88.4,0,77.0,5.3,82.0,Pass
STU0395,92.2,0.5,4,67.9,1,59.5,5.4,67.0,Pass
STU0396,72.4,1.8,3,54.8,1,58.2,3.5,55.3,Pass
STU0397,57.4,4.6,1,74.3,0,71.7,2.2,67.3,Pass
STU0398,94.2,7.0,3,98.0,0,100.0,5.3,88.0,Pass
STU0399,76.6,3.5,1,83.7,3,72.2,2.8,51.7,Pass
STU0400,92.9,2.3,3,84.9,0,76.0,4.5,83.3,Pass
STU0401,58.9,3.2,3,69.7,2,94.5,3.3,60.8,Pass
STU0402,70.8,5.8,2,80.5,2,88.7,6.3,77.6,Pass
STU0403,78.1,2.4,3,72.2,0,87.4,3.7,68.3,Pass
STU0404,78.6,2.1,2,66.3,1,73.2,3.6,52.9,Pass
STU0405,72.6,2.7,3,77.5,3,63.1,4.8,57.0,Pass
STU0406,85.5,1.9,1,73.0,0,63.0,5.2,51.8,Pass
STU0407,65.2,3.7,3,70.0,3,71.7,7.7,49.4,Pass
STU0408,76.3,6.3,2,77.2,1,84.5,7.9,76.7,Pass
STU0409,79.4,4.0,4,93.1,0,73.4,3.8,82.2,Pass
STU0410,84.2,3.1,3,81.5,1,73.6,4.4,59.5,Pass
STU0411,86.5,3.0,1,70.5,2,81.6,3.0,57.9,Pass
STU0412,64.5,0.8,1,56.3,1,69.6,3.8,37.2,Fail
STU0413,59.6,5.0,2,75.5,1,72.9,5.3,63.4,Pass
STU0414,93.3,3.4,4,95.1,1,89.5,4.7,88.2,Pass
STU0415,82.0,3.2,2,59.0,2,61.2,3.4,53.9,Pass
STU0416,69.0,8.9,3,98.0,0,100.0,4.9,96.5,Pass
STU0417,96.6,4.0,1,95.6,0,74.0,0.1,76.3,Pass
STU0418,79.4,2.2,2,72.5,2,77.2,2.2,45.3,Pass
STU0419,92.2,2.8,4,94.9,0,79.3,6.7,84.7,Pass
STU0420,78.8,5.5,4,80.1,0,90.3,8.3,95.3,Pass
STU0421,100.0,3.7,1,91.1,0,87.8,6.0,84.2,Pass
STU0422,99.1,1.1,3,80.1,0,58.9,5.8,79.9,Pass
STU0423,75.0,5.1,0,63.9,1,74.2,2.2,49.7,Pass
STU0424,89.7,2.4,2,70.7,1,84.2,2.4,62.0,Pass
STU0425,85.7,6.7,5,98.0,1,100.0,4.2,88.0,Pass
STU0426,94.4,5.3,1,76.2,0,96.2,3.5,79.0,Pass
STU0427,66.4,2.7,2,63.2,2,70.1,4.4,52.0,Pass
STU0428,86.2,5.7,2,96.8,0,98.2,3.5,100.0,Pass
STU0429,90.7,3.6,0,72.9,0,77.3,4.1,67.0,Pass
STU0430,56.9,4.9,3,77.7,1,100.0,6.4,74.3,Pass
STU0431,63.8,4.3,1,72.8,2,82.8,3.4,65.1,Pass
STU0432,53.5,2.1,4,60.5,2,55.1,3.2,47.1,Pass
STU0433,74.8,2.4,5,68.0,2,62.8,7.9,73.6,Pass
STU0434,86.6,5.3,3,95.1,2,100.0,5.5,86.4,Pass
STU0435,96.0,2.9,2,66.2,2,75.5,7.2,67.7,Pass
STU0436,78.9,2.8,0,66.7,0,64.4,3.3,46.6,Pass
STU0437,97.5,1.9,3,87.0,1,93.7,4.9,83.2,Pass
STU0438,61.4,4.2,1,65.6,1,73.6,2.7,54.3,Pass
STU0439,57.6,7.0,1,77.1,3,83.1,4.2,66.5,Pass
STU0440,77.3,1.7,1,67.8,2,64.4,1.1,41.6,Pass
STU0441,82.6,3.5,1,75.7,0,88.7,1.9,61.8,Pass
STU0442,77.6,5.9,2,93.4,1,100.0,6.2,77.9,Pass
STU0443,53.2,3.4,2,63.6,2,72.5,4.0,52.5,Pass
STU0444,76.9,4.3,1,56.9,0,69.7,3.5,51.4,Pass
STU0445,62.3,1.7,0,62.9,3,65.6,1.8,34.2,Fail
STU0446,86.0,4.2,5,98.0,0,85.1,5.7,96.2,Pass
STU0447,82.4,3.2,0,80.4,2,78.5,5.0,63.0,Pass
STU0448,66.7,5.2,0,46.2,2,95.0,4.0,57.5,Pass
STU0449,71.8,5.5,1,84.3,2,95.2,2.7,64.4,Pass
STU0450,65.3,7.9,1,87.4,1,100.0,6.6,77.5,Pass
STU0451,77.2,4.5,3,73.0,2,64.0,7.9,74.9,Pass
STU0452,89.5,4.1,1,81.1,0,87.1,4.8,72.7,Pass
STU0453,66.2,3.8,0,65.7,2,65.4,4.8,51.9,Pass
STU0454,84.0,2.9,1,75.5,0,83.6,5.6,67.2,Pass
STU0455,71.6,4.1,4,79.8,1,87.8,3.2,76.8,Pass
STU0456,68.5,3.0,2,58.7,0,65.6,7.1,73.1,Pass
STU0457,76.7,3.8,0,66.4,0,72.0,5.1,72.4,Pass
STU0458,65.6,5.7,3,77.8,0,100.0,6.3,69.7,Pass
STU0459,71.4,1.8,1,46.3,3,55.7,3.3,33.3,Fail
STU0460,63.6,5.4,1,65.9,1,71.1,2.4,55.0,Pass
STU0461,100.0,5.7,0,89.9,0,96.8,3.4,90.3,Pass
STU0462,78.4,3.3,3,87.1,0,70.7,5.6,75.2,Pass
STU0463,69.6,0.5,1,47.9,4,43.2,1.5,26.7,Fail
STU0464,80.6,2.5,0,59.3,2,80.0,3.0,45.7,Pass
STU0465,76.7,5.7,2,76.5,1,70.1,3.3,66.6,Pass
STU0466,75.3,3.5,3,75.5,0,66.8,4.4,65.0,Pass
STU0467,85.4,1.8,1,75.4,2,69.1,1.5,41.5,Pass
STU0468,87.1,2.6,5,96.1,1,78.5,3.7,69.0,Pass
STU0469,71.6,4.9,3,84.1,1,100.0,5.9,70.3,Pass
STU0470,71.1,4.4,3,79.9,0,95.6,4.4,71.7,Pass
STU0471,74.7,3.1,4,70.8,0,56.7,4.7,61.9,Pass
STU0472,50.4,2.9,1,54.2,1,38.8,2.8,45.6,Pass
STU0473,59.8,2.8,2,68.1,0,63.0,8.4,65.4,Pass
STU0474,94.4,1.9,2,70.2,0,68.7,5.0,67.2,Pass
STU0475,97.7,6.2,2,96.5,1,95.6,6.2,98.0,Pass
STU0476,75.0,3.0,2,69.9,1,72.1,3.2,59.2,Pass
STU0477,84.9,5.6,3,86.2,3,98.0,6.3,72.5,Pass
STU0478,81.7,6.1,3,91.8,0,89.2,5.3,100.0,Pass
STU0479,100.0,5.2,2,76.8,1,95.1,3.7,84.4,Pass
STU0480,91.4,2.8,3,82.6,2,72.0,7.7,69.3,Pass
STU0481,76.5,4.2,1,94.2,0,77.2,5.0,76.7,Pass
STU0482,66.5,3.5,3,67.2,0,76.2,5.8,70.0,Pass
STU0483,58.7,2.0,5,67.5,2,45.3,4.3,50.9,Pass
STU0484,80.4,4.1,0,80.9,1,76.2,1.6,63.9,Pass
STU0485,68.9,1.5,1,67.6,1,54.4,3.3,50.8,Pass
STU0486,60.9,5.5,2,76.2,0,82.1,4.1,70.7,Pass
STU0487,70.2,2.7,0,48.0,3,70.4,4.1,29.6,Fail
STU0488,65.0,3.8,2,73.0,0,93.1,5.6,58.4,Pass
STU0489,98.2,4.0,0,82.2,1,97.6,3.6,76.5,Pass
STU0490,88.6,3.1,2,73.7,0,86.1,5.6,62.3,Pass
STU0491,77.9,4.5,1,76.6,1,81.7,4.5,71.4,Pass
STU0492,95.8,2.7,3,80.8,3,71.7,3.5,53.6,Pass
STU0493,78.9,5.0,2,85.8,0,83.0,4.5,73.1,Pass
STU0494,67.7,1.2,5,66.6,1,48.6,5.8,52.1,Pass
STU0495,96.3,3.7,3,83.7,0,92.9,6.5,84.0,Pass
STU0496,84.5,6.8,1,96.1,0,87.5,5.1,82.5,Pass
STU0497,65.6,1.8,1,55.3,2,64.6,2.6,37.5,Fail
STU0498,75.7,2.3,3,74.4,1,66.9,6.2,62.9,Pass
STU0499,67.5,4.4,0,65.4,2,85.1,4.2,49.3,Pass
STU0500,61.4,3.8,0,65.3,1,63.2,5.8,64.4,Pass
STU0501,89.1,4.1,1,67.2,2,78.7,4.2,51.4,Pass
STU0502,100.0,4.3,1,83.1,0,91.3,2.6,76.4,Pass
STU0503,61.2,4.6,2,77.8,0,71.4,6.5,80.4,Pass
STU0504,84.8,5.4,4,83.8,4,100.0,5.2,65.1,Pass
STU0505,70.2,4.2,2,72.4,2,86.0,5.1,63.2,Pass
STU0506,72.2,3.1,6,59.3,1,90.4,6.9,71.6,Pass
STU0507,70.9,4.6,1,64.6,2,76.5,4.3,54.5,Pass
STU0508,67.6,6.7,2,79.0,0,60.8,5.0,79.9,Pass
STU0509,78.6,3.3,1,72.0,1,72.0,1.4,61.9,Pass
STU0510,68.0,1.8,3,66.0,0,62.6,3.1,54.9,Pass
STU0511,81.2,5.4,3,87.9,0,99.5,7.2,93.7,Pass
STU0512,77.4,3.3,2,70.0,0,78.7,5.1,70.4,Pass
STU0513,75.1,0.5,4,58.1,2,49.9,7.7,44.7,Pass
STU0514,67.1,4.9,2,83.5,1,98.6,3.3,80.2,Pass
STU0515,71.1,2.6,3,70.4,0,56.9,4.8,59.0,Pass
STU0516,87.1,3.3,2,74.7,1,78.6,6.2,73.7,Pass
STU0517,84.0,4.1,2,90.4,0,73.9,3.8,72.5,Pass
STU0518,66.3,3.8,1,84.7,1,73.4,3.3,62.0,Pass
STU0519,79.2,4.7,3,73.8,0,100.0,4.9,78.8,Pass
STU0520,87.0,2.8,3,80.5,2,75.8,4.2,66.1,Pass
STU0521,58.0,4.4,2,95.5,0,71.1,5.5,61.1,Pass
STU0522,84.5,3.1,0,72.6,0,60.9,0.6,61.5,Pass
STU0523,70.0,4.8,1,76.7,0,78.9,6.7,73.1,Pass
STU0524,84.8,4.5,1,80.4,1,100.0,2.7,73.7,Pass
STU0525,68.8,1.9,5,72.3,2,58.7,2.6,58.5,Pass
STU0526,56.3,5.3,1,79.3,1,75.2,4.4,70.0,Pass
STU0527,58.5,2.6,3,53.4,2,71.3,4.2,37.0,Fail
STU0528,78.6,4.9,2,82.0,0,84.2,4.6,72.0,Pass
STU0529,81.1,4.1,3,63.2,2,96.4,5.6,68.9,Pass
STU0530,67.1,6.6,4,89.8,1,80.5,7.3,89.1,Pass
STU0531,85.7,3.1,3,70.5,4,85.7,7.5,53.6,Pass
STU0532,58.1,2.9,3,67.7,1,78.7,3.8,63.5,Pass
STU0533,77.2,3.5,2,60.6,1,86.8,5.6,61.8,Pass
STU0534,63.5,3.0,3,63.6,2,47.1,6.0,58.6,Pass
STU0535,70.2,4.9,2,86.3,0,76.2,0.9,81.0,Pass
STU0536,78.6,0.8,2,54.1,3,56.1,2.5,38.0,Fail
STU0537,67.7,1.7,5,51.6,1,69.3,3.7,57.9,Pass
STU0538,73.4,1.7,4,68.9,1,48.8,5.8,54.3,Pass
STU0539,90.1,5.1,1,81.5,2,85.2,4.8,77.0,Pass
STU0540,71.1,6.4,2,86.0,1,77.9,5.7,81.9,Pass
STU0541,88.0,3.3,3,74.0,2,73.4,4.5,62.8,Pass
STU0542,64.4,3.2,2,82.9,0,55.4,4.1,58.0,Pass
STU0543,84.4,3.6,2,65.3,3,97.7,4.5,56.2,Pass
STU0544,95.3,5.5,0,98.0,0,94.3,3.3,78.0,Pass
STU0545,48.3,1.9,3,52.4,0,57.0,5.8,56.3,Pass
STU0546,68.4,3.9,2,74.1,3,75.2,3.0,63.0,Pass
STU0547,84.9,5.2,3,84.0,1,92.9,4.3,85.9,Pass
STU0548,75.6,4.4,2,73.1,2,76.1,4.9,79.3,Pass
STU0549,82.5,3.8,3,74.0,1,89.8,4.6,68.7,Pass
STU0550,70.8,5.2,2,85.5,1,86.9,3.2,77.9,Pass
STU0551,79.0,0.5,2,47.1,1,57.9,4.5,36.3,Fail
STU0552,76.1,4.7,2,82.9,1,78.5,3.9,70.9,Pass
STU0553,92.0,2.4,3,58.9,3,73.0,3.5,43.3,Pass
STU0554,81.1,0.5,2,61.4,2,64.0,3.5,47.2,Pass
STU0555,82.1,4.4,1,85.5,1,88.0,2.8,68.7,Pass
STU0556,73.1,5.8,1,72.8,2,92.3,4.5,56.7,Pass
STU0557,72.1,3.3,3,78.3,0,65.0,4.4,65.3,Pass
STU0558,72.8,5.1,0,77.2,2,100.0,3.0,75.7,Pass
STU0559,82.7,6.2,0,98.0,0,94.4,3.3,87.7,Pass
STU0560,72.9,5.7,3,79.9,1,90.0,7.1,85.9,Pass
STU0561,81.5,6.3,2,98.0,2,97.0,5.7,84.8,Pass
STU0562,100.0,4.8,2,71.5,2,100.0,2.2,69.8,Pass
STU0563,88.5,3.6,0,72.5,1,81.1,4.7,64.0,Pass
STU0564,74.1,0.8,2,44.2,3,52.4,4.6,35.5,Fail
STU0565,92.4,3.1,1,90.8,0,83.6,4.5,67.7,Pass
STU0566,73.1,2.1,2,62.4,4,57.7,5.4,46.4,Pass
STU0567,53.5,7.2,3,85.3,1,90.9,6.0,90.7,Pass
STU0568,65.9,3.2,1,69.0,4,92.4,4.8,47.1,Pass
STU0569,55.6,3.7,5,72.7,0,69.5,5.5,68.9,Pass
STU0570,73.8,4.4,1,70.8,1,84.3,5.4,62.5,Pass
STU0571,78.2,3.6,2,64.9,1,70.9,4.8,73.2,Pass
STU0572,98.1,6.4,2,98.0,0,100.0,3.1,91.1,Pass
STU0573,81.9,2.4,1,71.1,1,91.5,5.2,65.3,Pass
STU0574,75.4,3.8,3,82.9,0,86.8,4.9,75.6,Pass
STU0575,88.0,2.2,1,84.7,3,80.6,3.2,53.3,Pass
STU0576,51.5,1.3,1,35.0,4,44.8,2.7,15.2,Fail
STU0577,80.8,2.5,1,67.1,2,75.6,3.1,46.4,Pass
STU0578,87.3,3.4,1,85.3,0,73.7,4.3,76.1,Pass
STU0579,60.3,2.8,4,66.3,1,51.3,3.9,51.6,Pass
STU0580,91.7,2.3,0,50.6,3,61.8,0.7,41.7,Pass
STU0581,82.1,1.1,1,50.4,3,67.0,1.7,36.3,Fail
STU0582,73.0,3.4,1,72.0,1,59.9,4.5,63.5,Pass
STU0583,85.6,0.9,1,63.7,2,58.7,3.0,40.3,Pass
STU0584,100.0,4.8,1,93.9,1,97.9,5.9,89.1,Pass
STU0585,80.2,3.6,1,67.6,1,89.5,3.9,62.5,Pass
STU0586,81.0,1.0,0,59.7,1,55.9,4.0,60.1,Pass
STU0587,72.5,3.0,3,63.8,0,81.8,3.9,55.7,Pass
STU0588,67.8,2.2,0,60.8,2,72.2,2.4,58.1,Pass
STU0589,88.0,4.0,3,84.2,3,76.0,5.2,66.6,Pass
STU0590,67.7,5.8,1,73.9,0,98.9,4.3,78.1,Pass
STU0591,78.9,0.5,6,79.5,2,54.0,5.6,54.7,Pass
STU0592,72.3,3.7,1,57.2,1,70.6,2.7,46.1,Pass
STU0593,83.7,3.2,2,74.2,1,75.9,2.0,60.1,Pass
STU0594,82.0,4.6,1,73.4,2,87.6,5.2,64.1,Pass
STU0595,90.5,3.9,1,94.1,0,82.6,4.8,79.3,Pass
STU0596,71.9,2.2,4,74.0,1,56.7,4.3,67.7,Pass
STU0597,74.8,3.0,1,62.7,2,64.3,4.4,52.6,Pass
STU0598,66.3,2.1,2,59.8,1,62.9,3.9,52.5,Pass
STU0599,72.7,5.3,3,98.0,1,85.7,7.1,86.9,Pass
STU0600,82.5,3.5,0,64.5,1,85.4,1.4,47.0,Pass
STU0601,87.1,6.7,1,79.7,0,100.0,4.5,76.6,Pass
STU0602,66.9,3.4,1,69.3,0,71.4,3.6,52.8,Pass
STU0603,88.4,2.3,1,72.5,0,80.6,3.9,61.7,Pass
STU0604,94.3,0.9,3,74.6,1,82.5,6.7,52.2,Pass
STU0605,83.0,0.5,1,63.2,3,73.7,3.0,35.1,Fail
STU0606,100.0,0.8,2,83.0,0,84.1,4.9,58.8,Pass
STU0607,68.7,4.0,3,61.5,2,84.2,4.9,64.1,Pass
STU0608,63.1,4.4,1,61.1,2,96.1,5.7,61.9,Pass
STU0609,56.7,0.8,2,56.0,1,51.2,4.9,40.5,Pass
STU0610,96.0,5.0,3,83.7,2,100.0,4.9,68.0,Pass
STU0611,85.9,2.7,1,59.3,2,98.4,3.1,53.1,Pass
STU0612,77.3,3.7,2,90.4,3,51.5,5.3,62.9,Pass
STU0613,81.4,6.2,3,80.1,0,96.3,4.7,92.5,Pass
STU0614,64.5,5.0,2,74.3,1,93.2,5.1,82.0,Pass
STU0615,100.0,3.0,0,76.3,1,96.1,2.7,71.8,Pass
STU0616,79.6,2.0,3,79.4,1,93.3,5.2,67.1,Pass
STU0617,79.3,0.5,2,43.5,3,58.2,3.5,31.7,Fail
STU0618,86.7,2.3,2,74.7,5,69.3,3.1,39.9,Fail
STU0619,83.8,3.1,0,63.3,2,74.7,4.9,61.9,Pass
STU0620,80.7,1.8,1,69.1,1,70.3,3.9,55.3,Pass
STU0621,68.5,3.3,0,57.5,1,86.8,3.2,57.2,Pass
STU0622,83.7,3.6,1,87.9,0,97.8,4.6,72.1,Pass
STU0623,100.0,3.1,1,72.1,3,86.3,1.3,48.4,Pass
STU0624,94.1,2.4,2,55.4,1,81.1,7.3,59.4,Pass
STU0625,97.1,3.8,3,79.9,4,83.8,5.1,62.0,Pass
STU0626,71.9,4.3,3,76.1,2,74.2,2.3,64.9,Pass
STU0627,66.1,1.6,2,67.9,2,68.4,5.8,45.6,Pass
STU0628,76.5,5.9,2,76.9,1,100.0,3.9,78.1,Pass
STU0629,78.7,3.3,4,68.3,2,69.6,7.1,72.2,Pass
STU0630,91.1,3.5,1,85.6,0,87.3,4.1,64.4,Pass
STU0631,57.7,4.7,3,63.7,0,72.2,3.0,54.7,Pass
STU0632,96.4,3.9,3,85.1,0,98.9,5.5,91.3,Pass
STU0633,76.1,5.1,4,85.7,1,83.8,6.3,73.1,Pass
STU0634,72.9,4.0,2,76.7,0,58.7,6.3,68.4,Pass
STU0635,65.9,2.5,4,62.0,0,73.5,6.1,68.4,Pass
STU0636,58.1,4.1,3,64.2,1,67.7,3.3,60.7,Pass
STU0637,87.9,1.6,2,70.5,2,67.2,5.5,53.9,Pass
STU0638,78.9,3.7,3,70.8,2,83.5,4.5,64.8,Pass
STU0639,62.5,3.4,2,56.7,2,72.0,7.0,69.8,Pass
STU0640,62.5,3.1,2,75.8,2,70.9,3.9,66.9,Pass
STU0641,74.0,3.3,4,79.8,0,57.4,5.2,68.1,Pass
STU0642,98.0,0.5,4,84.9,0,73.0,3.6,74.2,Pass
STU0643,74.9,2.6,1,72.0,2,50.1,2.9,52.7,Pass
STU0644,60.0,3.7,1,55.4,1,76.3,2.8,53.0,Pass
STU0645,75.1,3.8,0,71.0,1,88.9,5.2,57.3,Pass
STU0646,74.7,1.8,3,57.5,0,49.7,2.6,56.8,Pass
STU0647,45.6,5.7,1,57.2,0,77.9,5.7,63.7,Pass
STU0648,77.3,2.0,6,71.3,2,77.3,7.5,64.0,Pass
STU0649,75.2,5.1,1,88.0,2,82.9,6.4,67.3,Pass
STU0650,86.4,4.2,1,81.9,0,93.8,4.2,82.0,Pass
STU0651,100.0,2.4,3,68.7,0,54.0,3.2,61.6,Pass
STU0652,91.5,6.5,3,95.0,0,100.0,5.5,91.9,Pass
STU0653,74.8,1.5,0,56.4,4,61.7,3.8,37.2,Fail
STU0654,64.7,5.1,2,63.9,2,78.5,5.0,61.8,Pass
STU0655,100.0,5.2,1,96.5,0,100.0,4.9,87.7,Pass
STU0656,78.7,2.4,3,68.8,1,87.1,6.8,71.2,Pass
STU0657,78.2,5.9,1,74.2,0,98.9,5.4,88.2,Pass
STU0658,77.7,3.1,3,62.6,2,90.4,5.2,48.0,Pass
STU0659,80.4,4.0,5,93.5,2,66.6,3.5,73.4,Pass
STU0660,76.3,3.9,0,68.7,1,86.2,2.3,51.6,Pass
STU0661,71.1,3.3,1,77.6,4,70.7,3.3,45.9,Pass
STU0662,71.4,4.9,2,91.8,0,75.6,1.9,76.4,Pass
STU0663,77.6,4.8,1,87.6,2,67.3,2.6,63.7,Pass
STU0664,71.5,0.5,5,57.7,2,59.1,5.0,42.1,Pass
STU0665,69.4,5.7,1,60.8,2,97.0,4.3,58.3,Pass
STU0666,79.3,0.7,3,64.1,4,71.7,5.1,45.9,Pass
STU0667,74.9,5.3,2,98.0,1,99.8,4.6,91.1,Pass
STU0668,96.0,5.4,2,92.2,1,93.0,5.3,72.5,Pass
STU0669,46.2,1.6,0,35.0,1,59.8,2.3,29.6,Fail
STU0670,91.1,2.8,2,70.7,0,93.7,4.4,74.6,Pass
STU0671,93.0,1.6,2,68.9,2,69.9,4.7,54.5,Pass
STU0672,53.1,3.1,4,57.6,3,61.4,7.7,44.8,Pass
STU0673,73.9,3.0,0,44.9,3,62.1,2.5,35.0,Fail
STU0674,73.5,4.8,3,81.2,0,99.0,5.6,83.7,Pass
STU0675,61.1,5.7,3,75.5,0,68.6,6.9,77.0,Pass
STU0676,68.7,5.9,3,98.0,0,94.2,3.5,87.4,Pass
STU0677,64.7,2.5,2,64.4,2,57.4,7.2,52.1,Pass
STU0678,99.0,3.1,0,80.6,0,75.4,5.1,67.0,Pass
STU0679,89.2,0.6,2,62.4,1,44.8,1.2,50.9,Pass
STU0680,93.3,2.1,2,74.0,1,74.0,4.7,60.0,Pass
STU0681,86.7,5.1,1,71.7,3,81.0,3.5,56.4,Pass
STU0682,64.5,6.2,0,71.1,2,89.7,3.5,78.5,Pass
STU0683,71.7,1.4,0,64.5,2,76.9,3.4,43.1,Pass
STU0684,83.9,2.5,1,70.8,1,75.6,5.2,44.4,Pass
STU0685,63.3,3.5,0,60.4,2,89.0,2.7,57.2,Pass
STU0686,86.6,4.0,2,84.5,1,75.6,3.9,79.1,Pass
STU0687,75.1,2.1,1,67.5,1,53.4,4.1,54.8,Pass
STU0688,73.5,4.2,3,94.6,1,69.7,6.1,80.2,Pass
STU0689,86.5,2.7,1,72.7,1,75.8,2.2,72.1,Pass
STU0690,83.3,3.5,1,65.8,0,100.0,6.5,64.6,Pass
STU0691,73.7,4.4,6,85.6,2,64.9,5.9,77.3,Pass
STU0692,91.9,3.5,3,87.4,0,91.3,6.5,93.8,Pass
STU0693,65.0,2.8,1,70.6,3,58.1,4.4,59.5,Pass
STU0694,85.4,3.3,1,61.4,2,77.9,4.8,54.4,Pass
STU0695,85.1,3.3,4,83.0,0,67.7,4.6,88.4,Pass
STU0696,74.3,2.9,3,64.4,2,79.7,2.3,60.7,Pass
STU0697,81.9,3.1,0,64.7,1,76.0,3.2,65.0,Pass
STU0698,63.0,6.2,0,85.4,2,99.0,4.0,75.2,Pass
STU0699,89.1,4.5,3,92.5,1,91.9,3.8,82.3,Pass
STU0700,75.8,3.0,3,67.5,2,53.3,6.3,71.3,Pass
STU0701,71.7,4.7,4,81.4,2,93.2,5.8,71.5,Pass
STU0702,90.6,2.9,2,72.3,1,60.2,3.1,73.4,Pass
STU0703,69.5,5.5,1,98.0,2,68.0,5.3,84.8,Pass
STU0704,61.1,4.1,4,77.4,2,63.3,6.6,74.5,Pass
STU0705,59.3,3.3,2,58.8,1,56.8,3.4,52.6,Pass
STU0706,85.3,4.3,1,90.0,1,100.0,6.0,78.1,Pass
STU0707,62.6,0.8,2,64.1,2,48.5,7.2,36.1,Fail
STU0708,99.1,1.6,2,87.1,0,88.0,2.4,66.6,Pass
STU0709,53.0,1.5,2,69.5,1,43.8,3.7,50.0,Pass
STU0710,98.4,3.7,1,87.8,2,93.5,4.5,61.9,Pass
STU0711,80.5,6.4,0,84.5,1,100.0,7.5,80.2,Pass
STU0712,76.8,7.3,3,95.4,0,100.0,4.9,100.0,Pass
STU0713,71.5,4.6,4,79.7,2,76.7,4.4,69.6,Pass
STU0714,82.8,4.4,6,86.7,3,82.2,5.5,82.2,Pass
STU0715,77.5,0.5,4,72.0,1,53.2,6.7,59.7,Pass
STU0716,91.2,2.6,2,74.9,1,61.7,3.2,59.9,Pass
STU0717,79.4,2.2,1,73.2,1,67.9,2.3,54.0,Pass
STU0718,79.8,2.4,4,79.2,1,67.2,5.7,68.4,Pass
STU0719,73.6,3.2,2,62.2,2,78.8,4.9,44.2,Pass
STU0720,77.3,2.7,3,58.2,1,72.3,6.4,66.5,Pass
STU0721,81.7,0.5,2,49.6,1,71.8,3.9,45.0,Pass
STU0722,57.5,4.8,3,71.6,3,75.7,5.7,66.8,Pass
STU0723,61.8,1.7,0,54.3,3,50.1,2.8,34.2,Fail
STU0724,86.9,3.9,2,75.2,1,85.7,2.6,67.6,Pass
STU0725,80.1,7.0,2,98.0,1,100.0,5.1,91.7,Pass
STU0726,75.8,1.9,2,60.7,4,47.5,4.2,40.2,Pass
STU0727,78.2,0.5,3,62.3,1,49.4,3.6,57.0,Pass
STU0728,82.2,3.0,2,74.4,1,69.3,2.0,61.7,Pass
STU0729,71.5,5.4,2,95.9,0,91.0,3.2,84.5,Pass
STU0730,68.7,6.8,3,83.2,1,100.0,5.8,78.3,Pass
STU0731,80.4,1.4,5,88.2,1,65.1,7.0,69.0,Pass
STU0732,66.3,4.3,3,71.6,0,52.1,7.8,80.7,Pass
STU0733,82.9,2.7,0,57.0,2,58.0,2.9,48.7,Pass
STU0734,57.6,3.3,2,63.1,3,62.5,3.4,40.2,Pass
STU0735,90.3,8.0,3,98.0,1,100.0,5.6,93.2,Pass
STU0736,83.7,0.9,2,69.9,0,62.7,2.3,51.0,Pass
STU0737,81.1,3.9,3,85.1,1,77.4,6.3,81.0,Pass
STU0738,89.8,4.3,2,90.1,1,100.0,7.9,86.9,Pass
STU0739,98.0,5.3,0,82.4,1,78.4,2.8,52.9,Pass
STU0740,90.2,3.7,2,83.0,2,88.3,2.7,66.6,Pass
STU0741,55.9,4.0,1,65.8,1,77.2,5.6,60.4,Pass
STU0742,62.6,2.8,2,78.8,1,71.3,4.8,55.0,Pass
STU0743,70.5,4.0,2,72.9,0,84.4,5.1,68.6,Pass
STU0744,78.3,2.9,4,72.7,0,82.8,7.8,82.9,Pass
STU0745,84.2,4.6,0,69.1,2,82.2,1.6,61.5,Pass
STU0746,69.3,2.9,2,68.4,1,57.2,2.2,52.1,Pass
STU0747,80.2,4.1,0,76.8,0,62.8,3.3,65.0,Pass
STU0748,68.9,3.5,0,56.3,1,68.4,3.5,50.4,Pass
STU0749,70.7,5.4,1,83.3,2,79.0,3.9,69.6,Pass
STU0750,61.1,3.4,2,68.7,0,79.1,8.1,59.1,Pass
STU0751,66.9,0.5,0,57.0,3,47.4,2.2,24.1,Fail
STU0752,61.8,5.6,1,86.9,1,73.2,3.6,77.5,Pass
STU0753,66.3,2.0,4,66.2,0,48.3,5.4,60.0,Pass
STU0754,90.6,2.4,3,67.5,2,96.5,6.2,58.6,Pass
STU0755,66.6,2.5,4,61.8,5,63.8,4.2,37.2,Fail
STU0756,100.0,5.8,2,98.0,1,98.0,4.8,93.6,Pass
STU0757,83.9,0.5,2,61.7,1,60.9,5.2,46.6,Pass
STU0758,80.2,8.8,2,98.0,1,100.0,7.4,100.0,Pass
STU0759,67.7,5.3,1,81.7,0,80.4,4.7,71.6,Pass
STU0760,86.4,3.9,1,83.9,0,91.5,7.6,71.2,Pass
STU0761,71.1,3.4,1,76.3,1,84.8,6.9,66.8,Pass
STU0762,79.5,4.0,1,65.7,2,62.7,1.9,54.4,Pass
STU0763,100.0,4.4,3,93.2,1,89.3,2.7,85.4,Pass
STU0764,76.8,4.6,2,70.1,2,95.1,5.9,73.2,Pass
STU0765,91.8,4.4,2,83.1,1,84.6,6.8,75.6,Pass
STU0766,69.6,3.7,2,76.8,0,78.0,4.2,71.2,Pass
STU0767,77.6,3.2,0,59.8,2,67.2,2.5,46.1,Pass
STU0768,99.2,3.2,1,84.2,2,82.8,2.6,68.4,Pass
STU0769,70.5,3.2,4,61.8,2,65.3,3.7,58.7,Pass
STU0770,99.7,5.4,2,98.0,0,100.0,6.7,89.7,Pass
STU0771,86.5,4.5,4,82.6,1,91.2,5.3,76.3,Pass
STU0772,71.3,0.5,4,51.3,3,53.7,5.3,41.2,Pass
STU0773,85.6,4.6,2,72.2,0,100.0,2.0,82.4,Pass
STU0774,89.7,3.8,1,74.3,2,100.0,5.5,72.1,Pass
STU0775,85.5,3.5,3,64.3,1,61.5,5.9,59.9,Pass
STU0776,59.2,2.8,3,60.7,3,58.0,2.8,40.5,Pass
STU0777,69.3,5.4,1,87.9,0,100.0,4.8,76.2,Pass
STU0778,75.0,5.1,1,78.3,3,81.3,4.3,59.2,Pass
STU0779,77.1,2.2,4,61.8,0,88.6,4.6,55.3,Pass
STU0780,85.4,4.2,1,81.0,4,82.1,0.0,58.9,Pass
STU0781,80.1,1.8,4,71.7,4,64.7,4.2,46.5,Pass
STU0782,62.0,1.2,0,66.0,0,60.8,3.2,49.8,Pass
STU0783,82.6,2.4,3,79.0,2,71.5,3.9,58.8,Pass
STU0784,85.3,5.0,3,90.2,0,96.6,5.1,86.6,Pass
STU0785,84.7,5.1,3,95.6,0,100.0,7.7,87.5,Pass
STU0786,91.0,4.4,2,83.6,0,98.2,4.6,80.9,Pass
STU0787,88.0,4.7,1,82.6,1,92.9,1.1,66.4,Pass
STU0788,83.5,4.4,0,90.4,1,100.0,3.3,72.2,Pass
STU0789,77.2,2.4,2,55.0,1,78.1,4.4,64.0,Pass
STU0790,58.1,4.2,2,77.8,1,64.2,3.4,66.2,Pass
STU0791,83.2,4.9,2,83.2,0,100.0,5.9,84.5,Pass
STU0792,80.5,4.8,3,82.4,0,94.2,3.2,72.8,Pass
STU0793,81.3,5.5,3,84.7,0,91.2,5.3,89.5,Pass
STU0794,62.7,4.7,1,73.6,3,57.2,2.0,56.3,Pass
STU0795,65.0,4.1,2,71.9,1,60.7,4.2,64.0,Pass
STU0796,90.6,5.3,1,84.2,0,100.0,5.4,85.0,Pass
STU0797,77.5,3.5,2,68.3,2,94.2,4.2,60.5,Pass
STU0798,86.2,2.0,0,50.0,1,72.3,2.7,51.2,Pass
STU0799,78.3,3.2,1,65.0,2,57.9,3.9,61.1,Pass
STU0800,78.4,2.2,1,61.3,2,57.9,3.7,49.5,Pass
STU0801,89.3,2.4,2,74.0,3,59.3,5.2,47.9,Pass
STU0802,71.8,3.3,1,84.0,0,55.7,4.9,60.5,Pass
STU0803,79.2,2.2,1,60.4,0,88.9,5.7,64.9,Pass
STU0804,72.5,3.0,2,61.0,1,91.3,4.6,54.4,Pass
STU0805,72.8,0.5,4,54.4,1,42.3,2.3,46.1,Pass
STU0806,74.3,3.9,0,71.7,1,77.8,4.8,59.4,Pass
STU0807,80.7,3.5,1,78.0,3,66.0,6.0,50.6,Pass
STU0808,72.3,2.1,4,74.6,2,64.4,8.9,66.8,Pass
STU0809,93.1,4.6,2,93.5,2,100.0,6.9,84.0,Pass
STU0810,67.3,5.1,1,84.2,1,93.4,3.6,63.6,Pass
STU0811,75.8,0.8,1,54.0,2,65.1,3.5,42.5,Pass
STU0812,72.7,2.2,3,83.7,0,63.5,4.3,68.6,Pass
STU0813,95.4,2.2,1,69.5,2,90.4,3.0,61.4,Pass
STU0814,80.4,1.9,3,69.7,1,74.0,4.5,61.1,Pass
STU0815,90.4,4.9,3,98.0,1,98.1,7.3,96.6,Pass
STU0816,60.2,3.2,2,69.6,0,64.1,2.0,58.8,Pass
STU0817,81.2,3.1,2,55.4,2,79.2,2.9,51.9,Pass
STU0818,88.7,0.5,4,66.8,0,65.2,6.7,56.5,Pass
STU0819,79.0,4.6,1,85.5,1,80.1,6.4,67.7,Pass
STU0820,90.8,1.4,1,55.2,3,61.9,2.4,34.0,Fail
STU0821,71.8,3.6,2,78.4,0,64.7,7.0,72.0,Pass
STU0822,94.9,4.0,1,85.0,0,80.7,5.5,75.6,Pass
STU0823,100.0,5.8,3,98.0,0,100.0,5.2,97.9,Pass
STU0824,73.6,1.3,3,57.0,2,55.9,0.8,35.7,Fail
STU0825,72.7,0.5,4,68.0,0,47.3,2.3,48.4,Pass
STU0826,95.4,3.8,1,82.5,2,82.2,3.0,60.6,Pass
STU0827,97.0,6.6,1,98.0,1,100.0,5.8,100.0,Pass
STU0828,71.7,5.6,1,98.0,1,100.0,5.6,80.4,Pass
STU0829,73.0,3.9,1,84.4,0,77.0,3.3,69.4,Pass
STU0830,74.6,2.7,2,72.2,3,68.9,3.9,51.0,Pass
STU0831,61.9,4.9,0,89.3,1,68.8,3.7,75.5,Pass
STU0832,67.0,1.8,1,63.3,1,57.5,3.2,38.1,Fail
STU0833,66.0,4.3,2,66.5,0,88.3,4.9,69.5,Pass
STU0834,68.8,4.4,4,79.4,1,88.7,5.7,65.9,Pass
STU0835,77.6,5.3,0,85.8,0,99.5,1.3,61.3,Pass
STU0836,80.8,8.2,0,98.0,0,100.0,4.2,89.7,Pass
STU0837,96.6,4.2,1,74.7,0,96.7,4.1,78.3,Pass
STU0838,66.0,2.6,1,53.7,3,68.8,5.2,38.2,Fail
STU0839,89.8,3.5,4,80.8,0,86.0,4.3,81.4,Pass
STU0840,75.4,0.5,2,61.1,3,50.8,4.0,38.2,Fail
STU0841,77.4,2.3,2,73.0,2,69.6,5.0,55.1,Pass
STU0842,86.1,2.8,2,75.1,1,79.1,4.1,72.1,Pass
STU0843,64.5,2.6,5,63.8,1,70.1,3.3,57.3,Pass
STU0844,82.6,3.8,3,93.9,1,82.7,6.6,80.5,Pass
STU0845,80.0,2.1,4,63.4,2,89.8,6.3,49.9,Pass
STU0846,83.9,5.4,3,98.0,0,81.9,5.8,90.1,Pass
STU0847,81.5,3.5,0,77.4,2,86.9,3.4,57.5,Pass
STU0848,100.0,3.5,3,96.0,2,89.0,2.3,67.0,Pass
STU0849,70.3,2.9,2,64.6,0,69.3,5.5,65.3,Pass
STU0850,71.6,3.8,3,74.2,2,67.6,7.3,60.5,Pass
STU0851,70.5,4.9,3,81.6,0,93.3,3.7,89.7,Pass
STU0852,71.3,2.0,1,57.5,2,69.9,5.6,32.6,Fail
STU0853,70.4,2.4,1,64.6,1,73.7,5.3,56.3,Pass
STU0854,92.3,3.0,4,94.6,2,83.3,3.7,73.2,Pass
STU0855,95.0,1.2,0,54.2,2,67.5,2.2,40.5,Pass
STU0856,71.2,2.1,2,58.6,2,63.2,2.0,42.9,Pass
STU0857,68.0,2.7,3,61.8,3,70.6,4.7,50.6,Pass
STU0858,83.7,5.0,1,82.0,0,70.9,5.0,82.8,Pass
STU0859,71.4,3.9,0,68.6,2,85.6,1.5,44.2,Pass
STU0860,85.6,3.8,3,87.8,0,100.0,5.7,77.7,Pass
STU0861,80.4,4.9,2,83.7,2,93.7,5.8,67.5,Pass
STU0862,59.8,3.3,1,65.7,3,63.0,4.8,40.3,Pass
STU0863,96.6,4.2,2,89.0,0,90.6,5.3,84.8,Pass
STU0864,99.6,3.3,1,82.3,0,95.1,2.0,76.9,Pass
STU0865,70.6,4.0,0,75.0,0,73.9,3.3,70.7,Pass
STU0866,73.3,2.5,2,66.0,4,76.6,4.8,50.0,Pass
STU0867,81.4,0.5,0,68.1,1,56.5,4.8,50.0,Pass
STU0868,82.0,3.3,3,97.4,2,95.2,5.0,64.7,Pass
STU0869,85.9,5.9,2,96.7,0,100.0,5.7,100.0,Pass
STU0870,100.0,5.1,4,98.0,0,97.2,4.6,93.0,Pass
STU0871,75.9,5.1,1,85.3,1,86.9,2.6,78.5,Pass
STU0872,68.4,5.6,0,68.7,2,86.6,2.0,52.6,Pass
STU0873,61.4,3.7,0,65.3,2,69.3,2.8,47.9,Pass
STU0874,69.2,3.8,4,71.1,1,65.4,8.8,76.7,Pass
STU0875,77.6,2.4,0,68.1,3,59.0,2.5,43.3,Pass
STU0876,99.5,3.0,5,81.3,2,98.0,6.5,72.3,Pass
STU0877,71.8,4.5,0,70.4,3,92.2,4.5,64.6,Pass
STU0878,80.7,5.5,3,74.0,0,100.0,3.9,75.6,Pass
STU0879,77.8,3.3,2,63.6,3,74.9,3.8,52.4,Pass
STU0880,92.3,2.7,1,76.8,0,98.8,4.7,74.5,Pass
STU0881,100.0,3.5,1,74.5,1,89.3,4.6,82.0,Pass
STU0882,71.6,4.5,1,83.7,1,89.7,1.2,64.8,Pass
STU0883,72.1,1.0,2,50.8,1,43.1,4.8,42.0,Pass
STU0884,90.5,0.5,3,69.0,0,61.0,3.4,55.2,Pass
STU0885,86.2,2.6,2,66.6,3,73.8,3.5,53.3,Pass
STU0886,100.0,1.4,3,77.5,0,74.3,5.1,72.6,Pass
STU0887,85.0,2.6,3,62.5,1,62.0,7.1,69.3,Pass
STU0888,73.7,3.2,1,65.4,1,80.3,3.6,62.9,Pass
STU0889,85.1,2.7,2,66.4,1,86.2,6.1,61.1,Pass
STU0890,91.3,6.0,2,98.0,0,94.6,2.9,94.8,Pass
STU0891,87.8,4.1,2,85.3,2,75.2,4.8,69.7,Pass
STU0892,84.1,4.0,4,74.3,0,76.6,4.9,82.0,Pass
STU0893,90.8,4.6,1,81.8,3,96.8,4.6,71.7,Pass
STU0894,92.0,1.6,0,59.1,3,65.6,2.4,50.2,Pass
STU0895,94.6,5.3,1,96.5,0,97.5,2.4,82.8,Pass
STU0896,85.8,3.4,2,87.1,1,70.0,3.1,65.1,Pass
STU0897,76.0,4.6,0,63.9,2,100.0,1.2,60.7,Pass
STU0898,79.8,1.7,1,69.5,2,66.3,1.5,54.1,Pass
STU0899,92.5,0.9,0,55.0,3,78.4,3.4,39.3,Fail
STU0900,68.2,4.9,2,75.9,1,86.7,4.4,78.3,Pass
STU0901,82.4,4.1,2,80.0,0,83.9,5.0,80.1,Pass
STU0902,73.3,2.0,3,80.7,2,63.1,7.4,58.3,Pass
STU0903,78.3,2.0,0,54.0,2,60.0,2.6,44.8,Pass
STU0904,93.3,5.4,5,98.0,0,94.7,7.6,96.3,Pass
STU0905,80.3,1.5,5,61.5,2,54.4,5.7,56.5,Pass
STU0906,78.6,6.3,1,77.9,0,86.1,8.8,78.2,Pass
STU0907,61.7,2.0,4,63.8,1,78.6,0.7,53.8,Pass
STU0908,87.0,4.6,2,84.3,1,92.7,3.7,81.9,Pass
STU0909,85.7,2.9,3,54.1,0,92.4,5.9,72.7,Pass
STU0910,100.0,4.5,2,98.0,0,88.7,3.6,89.5,Pass
STU0911,74.3,2.6,3,52.9,2,56.4,5.6,53.2,Pass
STU0912,80.6,3.2,2,72.8,0,67.1,4.3,68.2,Pass
STU0913,81.0,3.6,2,86.7,1,75.3,5.8,63.5,Pass
STU0914,96.9,1.8,2,90.7,0,76.3,2.4,68.2,Pass
STU0915,76.9,4.8,2,78.0,1,84.1,5.0,73.9,Pass
STU0916,81.3,2.6,0,55.2,3,65.4,3.9,35.9,Fail
STU0917,85.3,3.1,4,90.1,1,79.6,5.7,65.5,Pass
STU0918,80.2,1.8,4,77.4,2,68.6,5.4,67.1,Pass
STU0919,72.6,0.5,1,49.5,4,60.5,5.0,29.6,Fail
STU0920,80.3,3.2,3,70.9,1,91.1,2.4,67.0,Pass
STU0921,90.9,7.6,0,92.2,2,100.0,4.6,87.7,Pass
STU0922,65.7,4.8,2,73.8,1,92.1,3.0,62.9,Pass
STU0923,79.6,3.5,0,73.0,0,78.7,4.5,62.8,Pass
STU0924,69.6,3.1,3,66.1,1,54.4,3.7,67.4,Pass
STU0925,92.3,3.5,2,77.1,1,100.0,0.8,65.9,Pass
STU0926,59.7,4.4,1,74.8,2,96.6,5.3,61.1,Pass
STU0927,71.3,1.5,0,44.3,2,65.9,2.5,31.6,Fail
STU0928,82.5,5.4,0,79.3,0,94.0,4.4,72.7,Pass
STU0929,96.8,4.7,4,80.0,2,93.5,8.0,88.1,Pass
STU0930,77.2,4.7,2,81.7,0,80.9,5.3,62.9,Pass
STU0931,71.3,4.2,2,60.2,1,91.1,4.9,62.3,Pass
STU0932,100.0,3.5,3,93.2,1,89.6,5.0,81.2,Pass
STU0933,60.6,4.6,5,69.5,3,92.6,4.7,76.1,Pass
STU0934,51.6,4.5,3,56.9,2,70.3,5.0,50.1,Pass
STU0935,83.3,2.9,0,66.0,2,72.0,6.2,46.4,Pass
STU0936,72.0,2.5,0,75.8,1,61.2,2.6,47.7,Pass
STU0937,65.7,3.7,2,75.9,2,64.4,4.3,62.8,Pass
STU0938,86.5,6.1,2,77.1,1,100.0,7.0,84.4,Pass
STU0939,80.9,1.4,2,53.3,1,51.3,1.6,37.1,Fail
STU0940,71.2,1.0,3,56.9,2,48.0,5.3,45.1,Pass
STU0941,62.6,3.8,0,83.0,0,84.2,1.1,72.9,Pass
STU0942,88.5,3.6,0,67.4,1,74.2,4.0,62.3,Pass
STU0943,85.8,3.8,3,74.1,1,92.4,5.1,73.8,Pass
STU0944,76.8,3.9,2,88.4,2,59.0,5.5,67.3,Pass
STU0945,100.0,3.1,3,85.3,0,100.0,3.4,82.2,Pass
STU0946,65.2,6.0,1,89.2,0,75.4,3.8,70.9,Pass
STU0947,59.7,0.8,3,48.1,4,39.5,5.3,28.3,Fail
STU0948,69.7,2.1,3,64.6,4,69.8,3.9,43.1,Pass
STU0949,77.5,3.3,1,81.5,1,78.6,5.0,62.5,Pass
STU0950,80.9,0.7,3,61.3,1,68.4,4.6,56.5,Pass
STU0951,75.1,3.2,4,84.9,0,60.9,4.8,70.0,Pass
STU0952,82.2,6.3,2,94.8,0,96.6,4.7,88.3,Pass
STU0953,63.0,3.5,1,57.8,1,63.2,3.9,45.8,Pass
STU0954,95.3,3.9,4,88.1,1,78.6,5.3,82.4,Pass
STU0955,77.0,1.4,1,67.9,1,67.8,4.5,57.2,Pass
STU0956,91.4,2.5,1,77.4,2,86.9,3.1,56.6,Pass
STU0957,82.1,2.9,3,74.5,1,71.8,4.0,69.9,Pass
STU0958,83.5,3.0,1,56.4,1,91.9,5.2,58.4,Pass
STU0959,84.8,5.7,4,79.3,1,88.6,5.5,68.7,Pass
STU0960,83.4,4.4,3,71.4,4,100.0,4.5,62.2,Pass
STU0961,85.7,1.6,0,58.8,1,74.0,0.0,45.0,Pass
STU0962,93.9,3.9,2,80.4,1,76.9,3.0,71.5,Pass
STU0963,80.4,4.3,3,70.5,2,100.0,4.0,70.3,Pass
STU0964,86.5,5.4,2,96.8,0,91.2,4.1,83.1,Pass
STU0965,76.9,6.2,1,76.4,2,100.0,3.5,81.3,Pass
STU0966,95.3,1.8,4,65.6,0,76.3,6.6,69.4,Pass
STU0967,69.9,2.1,1,61.9,1,67.0,2.4,48.3,Pass
STU0968,99.6,1.4,1,77.3,1,83.3,2.3,63.3,Pass
STU0969,77.5,3.1,0,84.1,1,82.8,3.5,62.3,Pass
STU0970,60.8,4.3,3,78.4,0,70.1,3.6,86.5,Pass
STU0971,79.5,5.2,0,92.5,2,95.3,6.1,72.1,Pass
STU0972,69.8,3.4,2,60.6,2,76.6,5.6,58.4,Pass
STU0973,88.1,3.0,1,90.7,2,81.3,2.0,58.0,Pass
STU0974,70.2,3.8,1,55.4,4,72.9,5.5,50.8,Pass
STU0975,72.6,2.1,2,60.3,1,66.6,6.0,56.6,Pass
STU0976,55.3,7.1,4,93.3,0,100.0,4.7,90.3,Pass
STU0977,72.6,0.8,4,48.7,4,52.3,3.1,28.9,Fail
STU0978,48.9,3.8,3,58.7,2,75.7,4.2,46.2,Pass
STU0979,59.0,6.9,4,81.1,0,84.8,4.3,89.3,Pass
STU0980,87.1,3.5,1,73.6,2,73.7,2.8,50.8,Pass
STU0981,87.4,3.2,2,88.0,3,100.0,3.8,72.2,Pass
STU0982,83.1,2.9,1,71.1,1,81.4,4.5,54.0,Pass
STU0983,66.4,3.2,1,61.9,3,74.5,4.0,46.3,Pass
STU0984,77.4,5.8,4,68.3,0,99.4,5.9,80.1,Pass
STU0985,78.0,0.5,2,61.6,0,70.4,3.0,51.8,Pass
STU0986,64.1,6.1,0,84.8,2,92.1,2.1,67.8,Pass
STU0987,96.0,1.1,3,57.3,2,78.5,5.3,56.2,Pass
STU0988,88.5,3.0,1,73.6,1,69.4,4.7,53.5,Pass
STU0989,75.3,2.8,2,70.8,3,80.7,3.4,47.9,Pass
STU0990,78.3,4.5,2,87.8,0,82.2,3.1,82.9,Pass
STU0991,80.5,0.8,0,50.3,1,66.5,5.0,46.8,Pass
STU0992,53.5,4.3,2,61.4,1,52.3,5.0,42.5,Pass
STU0993,75.0,6.9,5,95.0,0,100.0,7.6,100.0,Pass
STU0994,69.8,1.2,2,68.5,3,34.3,4.6,33.7,Fail
STU0995,66.0,3.8,3,81.7,1,70.3,3.3,63.4,Pass
STU0996,74.6,2.4,0,62.2,1,50.6,5.3,48.6,Pass
STU0997,99.6,4.2,2,95.6,0,100.0,4.1,94.9,Pass
STU0998,85.7,3.5,1,56.7,3,82.6,5.2,46.8,Pass
STU0999,71.1,2.4,3,74.1,0,58.3,6.9,57.5,Pass
STU1000,84.9,4.3,2,72.9,0,100.0,4.8,79.6,Pass
STU1001,94.8,6.6,1,98.0,0,99.1,2.9,91.2,Pass
STU1002,89.1,3.2,2,68.8,2,50.9,0.7,61.5,Pass
STU1003,78.7,4.7,1,72.4,0,91.5,4.2,71.2,Pass
STU1004,70.2,1.3,2,63.6,2,40.1,4.3,50.7,Pass
STU1005,86.4,1.9,5,80.9,1,62.0,4.8,67.9,Pass
STU1006,82.7,4.3,3,79.4,2,80.4,5.4,73.9,Pass
STU1007,88.7,6.0,4,98.0,1,86.7,6.9,100.0,Pass
STU1008,85.6,4.1,2,84.9,3,80.9,6.1,65.6,Pass
STU1009,90.6,3.0,2,79.9,0,66.5,4.0,76.2,Pass
STU1010,71.6,3.5,0,64.1,3,75.5,3.3,43.9,Pass
STU1011,93.8,1.4,2,73.4,0,58.9,3.7,62.4,Pass
STU1012,80.4,4.5,1,90.1,4,86.2,4.2,52.9,Pass
STU1013,100.0,5.0,1,79.9,2,100.0,3.5,70.3,Pass
STU1014,69.7,2.7,2,60.0,1,75.3,3.5,49.1,Pass
STU1015,98.8,2.7,3,81.2,1,82.4,4.1,78.5,Pass
STU1016,80.4,4.0,1,67.2,1,72.0,4.3,73.2,Pass
STU1017,70.2,2.8,2,52.6,4,69.5,3.0,38.2,Fail
STU1018,72.2,3.4,1,77.9,2,66.5,3.2,51.8,Pass
STU1019,74.2,7.1,2,74.6,1,100.0,8.1,77.3,Pass
STU1020,83.1,3.1,1,68.8,0,60.1,5.2,65.2,Pass
STU1021,84.3,2.9,1,77.6,2,84.7,2.3,54.5,Pass
STU1022,71.1,2.4,3,69.8,2,66.2,6.0,53.5,Pass
STU1023,77.7,4.8,3,80.3,2,100.0,6.3,84.7,Pass
STU1024,100.0,3.2,1,71.0,1,100.0,3.7,65.8,Pass
STU1025,98.7,2.4,0,75.4,1,86.7,2.0,63.7,Pass
STU1026,83.2,5.7,3,83.3,3,94.8,4.4,74.8,Pass
STU1027,78.5,5.9,3,92.2,2,87.2,6.0,73.3,Pass
STU1028,79.4,2.5,3,72.7,2,80.5,3.5,48.0,Pass
STU1029,85.4,0.5,0,57.8,3,58.2,4.3,38.2,Fail
STU1030,65.7,5.2,0,69.2,2,94.3,5.9,73.6,Pass
STU1031,74.9,2.3,0,78.6,0,71.6,3.0,61.1,Pass
STU1032,58.0,4.8,4,80.7,0,79.9,7.6,84.2,Pass
STU1033,82.8,0.5,1,55.5,3,65.0,2.6,30.1,Fail
STU1034,85.8,5.0,3,90.3,2,83.1,4.3,82.9,Pass
STU1035,72.2,1.4,0,50.1,3,49.6,4.5,39.2,Fail
STU1036,96.9,4.7,0,81.7,1,85.9,6.1,70.4,Pass
STU1037,63.3,3.5,4,91.9,2,80.0,8.5,75.7,Pass
STU1038,60.4,1.9,1,49.8,2,46.9,4.0,27.4,Fail
STU1039,80.7,2.8,2,71.1,2,65.8,5.6,62.4,Pass
STU1040,90.6,4.7,4,86.9,0,97.9,6.3,85.6,Pass
STU1041,98.2,3.7,1,73.4,0,87.3,6.1,67.1,Pass
STU1042,72.5,4.5,0,76.5,2,77.5,4.3,63.0,Pass
STU1043,90.9,6.9,1,96.4,2,100.0,6.0,75.5,Pass
STU1044,77.5,0.8,2,66.9,4,35.3,2.1,35.5,Fail
STU1045,75.9,6.2,1,92.9,1,85.8,4.3,73.6,Pass
STU1046,88.6,3.7,1,84.8,0,96.3,5.2,68.2,Pass
STU1047,85.8,2.0,1,59.7,1,65.6,4.6,53.6,Pass
STU1048,59.1,1.2,3,61.4,2,32.2,5.8,41.8,Pass
STU1049,95.7,3.2,1,83.2,1,74.8,4.0,76.4,Pass
STU1050,94.6,5.1,1,79.6,1,100.0,3.3,68.6,Pass
STU1051,70.5,3.3,3,69.7,2,75.2,4.9,68.4,Pass
STU1052,82.7,6.1,1,76.7,2,95.1,4.6,66.8,Pass
STU1053,83.9,1.0,2,68.7,2,56.5,4.2,54.0,Pass
STU1054,81.1,3.5,0,76.5,0,65.0,1.9,69.3,Pass
STU1055,71.4,1.4,1,69.2,2,62.5,3.0,46.8,Pass
STU1056,69.9,4.1,3,74.8,1,85.7,5.0,65.6,Pass
STU1057,77.7,5.0,1,84.0,1,100.0,0.9,62.7,Pass
STU1058,92.1,2.8,4,88.7,0,69.0,6.6,67.5,Pass
STU1059,84.5,0.5,2,54.6,2,73.6,4.0,55.2,Pass
STU1060,73.6,3.8,0,62.8,2,76.8,3.9,51.8,Pass
STU1061,87.3,4.2,4,81.0,1,88.0,5.0,71.9,Pass
STU1062,43.8,4.2,2,61.0,2,72.3,5.5,47.0,Pass
STU1063,91.8,5.6,1,82.6,1,94.3,3.2,78.9,Pass
STU1064,57.1,1.7,1,48.0,2,31.5,2.5,30.4,Fail
STU1065,73.7,4.7,2,86.0,0,90.2,5.7,68.0,Pass
STU1066,64.6,5.5,1,76.9,0,87.7,5.0,80.5,Pass
STU1067,62.5,0.5,2,53.8,1,44.3,1.8,40.0,Fail
STU1068,91.9,4.0,2,78.8,1,95.1,7.0,87.3,Pass
STU1069,72.4,2.6,1,60.2,3,76.6,2.6,51.7,Pass
STU1070,82.2,3.4,1,75.5,1,63.6,3.7,43.1,Pass
STU1071,77.4,4.1,5,85.0,2,81.5,8.9,86.6,Pass
STU1072,83.7,2.7,1,76.3,2,52.0,0.6,58.6,Pass
STU1073,78.9,2.4,6,87.7,1,68.6,3.8,68.0,Pass
STU1074,62.6,3.6,4,67.1,2,65.6,6.3,58.6,Pass
STU1075,90.0,1.7,2,76.2,1,76.0,0.3,59.7,Pass
STU1076,72.1,1.7,1,50.9,2,50.5,0.4,30.8,Fail
STU1077,59.3,4.7,1,87.3,1,71.0,6.0,67.3,Pass
STU1078,72.9,1.5,3,57.4,3,28.7,3.9,45.6,Pass
STU1079,96.0,4.6,2,93.7,1,100.0,8.1,88.6,Pass
STU1080,88.2,4.3,1,72.1,1,87.6,2.6,63.5,Pass
STU1081,73.8,0.6,4,59.7,1,55.4,4.4,56.5,Pass
STU1082,73.8,2.3,2,78.7,2,52.1,5.0,56.7,Pass
STU1083,74.1,5.5,1,75.2,0,93.5,5.1,79.2,Pass
STU1084,100.0,1.8,3,94.3,0,94.4,4.2,74.3,Pass
STU1085,82.6,2.7,2,72.0,2,72.5,3.3,57.0,Pass
STU1086,83.2,4.3,4,93.1,0,92.2,6.1,82.4,Pass
STU1087,90.4,4.8,4,94.6,1,84.8,8.0,76.3,Pass
STU1088,80.9,3.1,1,74.7,0,75.2,5.0,64.9,Pass
STU1089,74.9,2.5,4,60.5,3,53.3,4.4,49.5,Pass
STU1090,75.6,5.9,0,78.5,2,100.0,2.5,69.4,Pass
STU1091,77.1,6.5,3,98.0,0,99.2,4.7,100.0,Pass
STU1092,77.6,5.2,3,82.8,0,76.6,3.5,76.1,Pass
STU1093,86.7,3.6,2,80.0,0,75.2,4.7,71.4,Pass
STU1094,78.6,2.1,3,56.9,2,68.7,5.9,58.1,Pass
STU1095,86.8,2.1,1,63.8,1,81.6,3.5,51.5,Pass
STU1096,77.0,4.4,4,92.3,1,97.9,8.4,85.6,Pass
STU1097,78.9,4.2,3,70.7,1,81.6,7.9,70.8,Pass
STU1098,54.0,5.9,0,78.8,1,67.2,4.4,64.6,Pass
STU1099,89.0,4.6,2,86.5,0,93.6,5.8,87.6,Pass
STU1100,82.2,0.9,1,58.0,3,79.6,1.9,36.9,Fail
STU1101,90.0,5.3,0,82.6,0,80.3,3.3,81.3,Pass
STU1102,43.2,1.8,3,48.8,2,36.9,6.5,27.7,Fail
STU1103,100.0,2.8,1,74.6,0,91.0,2.9,60.9,Pass
STU1104,76.3,3.9,1,81.3,0,81.0,6.3,59.0,Pass
STU1105,91.3,6.9,1,93.0,2,100.0,6.4,78.7,Pass
STU1106,65.5,8.8,4,98.0,1,100.0,8.0,100.0,Pass
STU1107,85.4,4.5,3,87.8,1,98.4,3.5,79.0,Pass
STU1108,65.4,3.2,0,58.4,2,67.3,2.8,41.6,Pass
STU1109,70.5,4.4,1,81.9,0,77.8,5.1,77.1,Pass
STU1110,100.0,5.0,4,98.0,2,100.0,4.5,91.8,Pass
STU1111,75.7,3.0,2,57.2,2,69.6,4.1,45.2,Pass
STU1112,80.6,6.6,1,81.8,1,100.0,5.8,97.3,Pass
STU1113,88.4,3.9,2,80.0,0,100.0,3.7,78.7,Pass
STU1114,83.9,4.3,1,66.7,0,77.7,2.9,70.7,Pass
STU1115,79.8,4.6,3,98.0,1,73.8,2.6,80.7,Pass
STU1116,82.4,4.2,3,89.0,0,88.5,4.6,84.4,Pass
STU1117,100.0,4.9,6,98.0,1,86.6,8.2,92.3,Pass
STU1118,77.3,2.5,1,63.4,2,56.6,2.4,60.1,Pass
STU1119,80.4,2.6,3,67.6,2,51.6,4.8,54.0,Pass
STU1120,90.6,1.6,1,51.5,3,67.4,3.1,46.9,Pass
STU1121,91.3,4.2,4,74.6,3,89.6,4.8,66.6,Pass
STU1122,92.2,4.8,2,98.0,0,89.3,6.1,83.8,Pass
STU1123,85.7,4.3,3,96.7,0,100.0,7.7,100.0,Pass
STU1124,64.3,6.3,1,77.5,1,100.0,6.1,76.6,Pass
STU1125,97.6,3.5,2,89.9,0,100.0,3.4,79.7,Pass
STU1126,64.2,4.6,2,78.9,1,78.3,7.7,73.5,Pass
STU1127,81.6,1.6,2,70.7,3,78.2,5.5,66.5,Pass
STU1128,68.9,2.8,1,53.4,4,70.9,3.1,51.7,Pass
STU1129,77.2,4.7,4,70.5,3,87.3,4.7,74.6,Pass
STU1130,81.9,4.9,1,91.3,0,85.0,6.0,98.4,Pass
STU1131,81.9,3.0,1,55.2,4,53.4,4.1,35.5,Fail
STU1132,83.1,3.4,2,74.7,1,85.7,3.2,70.0,Pass
STU1133,97.4,0.9,2,65.4,3,81.5,3.6,48.7,Pass
STU1134,83.4,2.9,5,76.3,1,60.9,5.4,59.7,Pass
STU1135,75.1,5.0,0,79.6,0,86.3,2.5,74.4,Pass
STU1136,89.6,4.5,0,74.8,0,100.0,5.1,72.0,Pass
STU1137,92.3,4.4,2,88.3,1,87.6,5.9,87.7,Pass
STU1138,63.3,3.6,1,67.6,2,81.8,5.2,53.6,Pass
STU1139,85.2,3.5,4,98.0,0,80.0,6.8,82.3,Pass
STU1140,86.4,2.4,4,65.1,0,68.9,3.9,76.1,Pass
STU1141,74.4,4.7,2,79.7,1,96.3,3.9,72.6,Pass
STU1142,94.5,4.2,1,86.5,1,82.2,6.3,82.4,Pass
STU1143,76.2,4.3,1,74.0,0,75.0,4.3,72.4,Pass
STU1144,79.5,2.6,4,63.8,0,63.0,3.1,67.3,Pass
STU1145,75.9,0.5,1,64.9,2,43.8,3.5,37.8,Fail
STU1146,78.2,5.4,6,96.2,2,92.1,8.1,92.5,Pass
STU1147,64.8,2.7,0,49.9,2,59.3,4.0,40.6,Pass
STU1148,60.7,2.0,1,60.4,1,62.5,2.2,41.2,Pass
STU1149,97.1,4.7,3,98.0,0,78.8,8.1,90.3,Pass
STU1150,67.8,2.8,1,64.0,2,55.9,1.5,54.1,Pass
STU1151,66.1,5.3,3,81.5,0,84.0,5.6,83.9,Pass
STU1152,52.2,4.5,2,81.9,3,85.2,7.3,67.0,Pass
STU1153,70.3,4.7,2,69.8,2,85.1,5.7,65.4,Pass
STU1154,62.1,1.2,1,66.6,1,46.5,4.6,33.4,Fail
STU1155,97.7,5.6,2,98.0,0,87.8,3.4,81.9,Pass
STU1156,90.1,3.9,0,70.1,3,80.7,4.0,54.4,Pass
STU1157,69.7,2.9,1,59.9,3,68.0,3.7,38.3,Fail
STU1158,100.0,3.7,0,76.4,1,67.6,1.7,60.4,Pass
STU1159,89.8,0.5,5,54.8,2,50.7,6.7,48.1,Pass
STU1160,74.1,4.2,4,83.1,1,72.7,4.5,70.9,Pass
STU1161,48.0,1.8,3,47.4,3,46.1,3.5,42.7,Pass
STU1162,100.0,1.2,1,71.2,0,72.9,4.0,60.4,Pass
STU1163,61.3,0.9,2,42.8,1,44.0,3.6,43.3,Pass
STU1164,58.3,5.4,1,81.7,2,84.8,4.7,67.3,Pass
STU1165,90.3,2.4,4,84.0,2,77.9,5.0,76.1,Pass
STU1166,100.0,6.1,1,90.1,0,100.0,6.7,97.8,Pass
STU1167,94.6,2.6,0,74.9,0,86.6,1.8,60.2,Pass
STU1168,84.8,0.6,3,64.2,3,66.4,3.6,56.2,Pass
STU1169,85.1,1.6,1,76.6,0,53.5,4.2,56.1,Pass
STU1170,88.2,5.6,3,84.2,1,97.4,4.1,84.5,Pass
STU1171,87.1,3.2,0,71.2,1,89.5,1.8,62.3,Pass
STU1172,81.4,2.6,2,65.6,0,83.3,4.4,67.5,Pass
STU1173,79.3,3.8,2,76.8,1,83.7,5.8,74.5,Pass
STU1174,77.2,4.4,1,80.9,1,80.6,5.6,65.5,Pass
STU1175,69.0,5.4,3,78.0,1,89.9,5.6,81.5,Pass
STU1176,74.6,6.0,3,85.8,1,100.0,4.6,86.8,Pass
STU1177,57.7,2.9,1,68.0,4,63.1,4.2,41.0,Pass
STU1178,76.8,1.2,1,70.2,3,63.3,4.2,41.8,Pass
STU1179,66.1,2.8,3,71.7,1,63.5,5.2,56.0,Pass
STU1180,64.8,3.9,1,68.0,2,59.8,5.9,58.7,Pass
STU1181,80.2,1.9,0,60.0,4,65.4,1.4,30.7,Fail
STU1182,94.7,1.9,1,74.7,2,68.4,2.5,54.9,Pass
STU1183,89.0,4.1,3,86.3,0,80.8,6.8,81.8,Pass
STU1184,59.2,3.4,4,57.2,3,80.8,3.3,44.2,Pass
STU1185,66.1,3.6,2,74.3,2,80.8,3.7,53.5,Pass
STU1186,89.3,2.2,0,60.8,4,57.6,2.0,40.0,Pass
STU1187,66.2,3.1,2,56.0,2,57.3,2.0,44.4,Pass
STU1188,75.3,1.9,1,49.1,2,61.3,3.3,38.6,Fail
STU1189,84.6,5.0,3,86.0,0,85.2,6.5,80.9,Pass
STU1190,66.4,5.3,2,71.1,2,86.5,5.1,62.7,Pass
STU1191,79.3,0.5,2,39.8,3,44.7,4.9,41.8,Pass
STU1192,62.0,1.9,2,56.1,1,67.1,5.9,43.9,Pass
STU1193,70.8,1.0,0,49.1,2,55.2,2.2,42.1,Pass
STU1194,81.8,2.4,3,70.9,0,68.4,8.7,67.9,Pass
STU1195,58.9,3.4,2,60.6,3,65.8,3.9,43.3,Pass
STU1196,83.3,1.0,0,73.3,0,58.9,2.4,54.4,Pass
STU1197,77.8,1.9,2,69.8,2,46.0,3.0,49.2,Pass
STU1198,84.6,1.8,2,63.8,2,69.2,4.9,51.1,Pass
STU1199,80.7,3.9,2,77.0,1,78.1,4.1,69.4,Pass
STU1200,94.4,3.6,2,93.3,0,77.7,4.4,79.2,Pass
